gene,log2FoldChange
SMU_1691,-14.73062934
SMU_364,-11.4278366
SMU_1297,-11.16176174
SMU_1746c,-10.88034881
SMU_396,-10.74819285
SMU_249,-10.54303182
SMU_233,-10.51963625
SMU_304,-10.46250227
SMU_1653,-10.25124569
SMU_248,-10.21892644
SMU_2128,-10.18790188
SMU_1994,-10.15101654
SMU_1822,-9.909893084
SMU_1495,-9.759888183
SMU_181,-9.703903573
SMU_696,-9.645658432
SMU_1467,-9.619302955
SMU_1076,-9.451211112
SMU_1492,-9.338067798
SMU_971,-9.299589633
SMU_542,-9.270128435
SMU_1324,-9.129283017
SMU_676,-9.06608919
SMU_852,-9.005624549
SMU_1490,-8.957784893
SMU_1493,-8.939579214
SMU_483,-8.818262608
SMU_1084,-8.682994584
SMU_970,-8.645658432
SMU_1546,-8.412922627
SMU_1798c,-8.391840262
SMU_1491,-8.072941102
SMU_475,-8.018045591
SMU_1073,-7.983511877
SMU_755,-7.871391914
SMU_887,-7.841353398
SMU_1043c,-7.808642468
SMU_1728,-7.727920455
SMU_1993,-7.703038389
SMU_434,-7.674780763
SMU_1846c,-7.636624621
SMU_831,-7.635415827
SMU_1203,-7.612254192
SMU_860,-7.52146349
SMU_480,-7.351943075
SMU_251,-7.302609634
SMU_1688,-7.233619677
SMU_900,-7.225609134
SMU_385,-7.184875343
SMU_723,-7.183635381
SMU_967,-7.171927354
SMU_1845,-7.118941073
SMU_856,-7.092757141
SMU_937,-7.06608919
SMU_14,-7.057450272
SMU_949,-6.933236692
SMU_1514,-6.845490051
SMU_888,-6.777955409
SMU_1499,-6.760985303
SMU_1222,-6.726448317
SMU_1500,-6.564846568
SMU_825,-6.562242424
SMU_80,-6.533506718
SMU_1690,-6.473425846
SMU_1741,-6.44625623
SMU_1744,-6.36923381
SMU_1978,-6.297680549
SMU_218,-6.169925001
SMU_2085,-6.159871337
SMU_317,-6.129283017
SMU_968,-6.122158583
SMU_26,-6.081083929
SMU_774,-6.044394119
SMU_1080c,-5.965356756
SMU_1061,-5.926948248
SMU_454,-5.84434913
SMU_1624,-5.832890014
SMU_1050,-5.711494907
SMU_1632,-5.700439718
SMU_1235,-5.63420602
SMU_96,-5.594946589
SMU_540,-5.590924059
SMU_2009,-5.554588852
SMU_83,-5.545112988
SMU_1781,-5.474451136
SMU_1672,-5.428747879
SMU_417,-5.397512585
SMU_1656,-5.335786071
SMU_1786,-5.303780748
SMU_582,-5.181329765
SMU_1606,-5.163230349
SMU_1709,-5.091188331
SMU_352,-5.087462841
SMU_1819,-5.06608919
SMU_2137c,-5.059564554
SMU_1947,-5.032688619
SMU_948,-5.023672829
SMU_818,-5.022367813
SMU_618,-5.012133756
SMU_10,-4.961931959
SMU_2044,-4.947479146
SMU_25,-4.943118978
SMU_134,-4.916324175
SMU_624,-4.857980995
SMU_1221,-4.825330966
SMU_855,-4.813068573
SMU_246,-4.785102115
SMU_940c,-4.725237138
SMU_859,-4.704595348
SMU_2088,-4.701899197
SMU_328,-4.693586047
SMU_410,-4.684805818
SMU_353,-4.662965013
SMU_780,-4.64385619
SMU_1565,-4.623933732
SMU_858,-4.558267634
SMU_833,-4.541092521
SMU_1174,-4.525336125
SMU_1137,-4.523561956
SMU_1739,-4.498250868
SMU_1542c,-4.475733431
SMU_64,-4.458494499
SMU_857,-4.450116364
SMU_1214,-4.438461845
SMU_1847,-4.334984248
SMU_1476c,-4.32687307
SMU_469,-4.325253556
SMU_549,-4.321928095
SMU_1923c,-4.300123725
SMU_1193,-4.288761231
SMU_611,-4.239710128
SMU_1708,-4.220795636
SMU_393,-4.169925001
SMU_1060,-4.138414029
SMU_1677,-4.046693235
SMU_484,-4.021458947
SMU_1527,-4.004737919
SMU_2167,-4
SMU_408,-3.989327551
SMU_1223,-3.956256673
SMU_1176,-3.938549274
SMU_1566,-3.864553649
SMU_t29,-3.861802706
SMU_291,-3.850856561
SMU_59,-3.792006958
SMU_1133,-3.791413378
SMU_756,-3.791275182
SMU_369c,-3.754887502
SMU_1142c,-3.718818247
SMU_867,-3.680119734
SMU_546,-3.646110108
SMU_409,-3.599037686
SMU_784,-3.584962501
SMU_550,-3.546044546
SMU_890,-3.543985901
SMU_06,-3.543470372
SMU_1312,-3.532967863
SMU_1278c,-3.526068812
SMU_2084c,-3.518728802
SMU_2011,-3.502500341
SMU_1529,-3.459431619
SMU_1745c,-3.433924744
SMU_1667,-3.431049817
SMU_479,-3.416255477
SMU_901,-3.382469637
SMU_1713c,-3.367645266
SMU_1740,-3.321928095
SMU_598,-3.321928095
SMU_1729c,-3.319035956
SMU_1918,-3.315096061
SMU_325,-3.312738923
SMU_692,-3.291695893
SMU_829,-3.258734268
SMU_351,-3.245608177
SMU_1234,-3.235628248
SMU_572,-3.224997599
SMU_1428c,-3.216317907
SMU_1941,-3.179734525
SMU_1224,-3.176453044
SMU_1939c,-3.171170314
SMU_560c,-3.170800689
SMU_2135c,-3.169925001
SMU_827,-3.169925001
SMU_1477,-3.15779681
SMU_853,-3.141773961
SMU_1668,-3.094413884
SMU_1869,-3.09046581
SMU_228,-3.087462841
SMU_338,-3.06036681
SMU_2148c,-3.058893689
SMU_t32,-3.044394119
SMU_1276c,-3.040554098
SMU_1210,-3
SMU_1277,-3
SMU_1785,-3
SMU_716,-3
SMU_744,-2.993925486
SMU_1669,-2.982789419
SMU_1494,-2.912052301
SMU_t30,-2.906890596
SMU_1711,-2.873160254
SMU_832,-2.853707681
SMU_1034c,-2.839569547
SMU_1524c,-2.829584869
SMU_2157,-2.820806722
SMU_1141c,-2.816098555
SMU_1591,-2.812277121
SMU_15,-2.807354922
SMU_1736,-2.807354922
SMU_1827,-2.795352668
SMU_1712c,-2.750606505
SMU_1513,-2.742010992
SMU_344,-2.732631004
SMU_669c,-2.718617553
SMU_554,-2.700439718
SMU_674,-2.700439718
SMU_467,-2.695462042
SMU_1824c,-2.686776555
SMU_158,-2.672425342
SMU_155,-2.62375893
SMU_t63,-2.613270555
SMU_2078c,-2.609624555
SMU_1211,-2.584962501
SMU_1429,-2.584962501
SMU_754,-2.584962501
SMU_2077c,-2.576925182
SMU_2156,-2.56849419
SMU_541,-2.504312951
SMU_245,-2.487840034
SMU_753,-2.485678555
SMU_2104a,-2.476438044
SMU_1995c,-2.475579041
SMU_1949,-2.462199822
SMU_1522,-2.445371066
SMU_828,-2.445237737
SMU_1666,-2.4318887
SMU_462,-2.427281095
SMU_186,-2.426920491
SMU_1588c,-2.421463768
SMU_1629c,-2.40345798
SMU_1452,-2.384497918
SMU_2143c,-2.36923381
SMU_51,-2.362792907
SMU_1826,-2.35870903
SMU_1139c,-2.338766744
SMU_82,-2.333423734
SMU_1833,-2.327494394
SMU_1783,-2.321928095
SMU_895,-2.321928095
SMU_t37,-2.321928095
SMU_1270,-2.31656491
SMU_1178c,-2.314259729
SMU_1938c,-2.313826296
SMU_1269,-2.289323429
SMU_t64,-2.283260587
SMU_835,-2.197979869
SMU_2101,-2.195955705
SMU_2165,-2.188586348
SMU_1530,-2.169925001
SMU_898,-2.162271429
SMU_988,-2.162271429
SMU_342,-2.155329519
SMU_921,-2.126848088
SMU_1475c,-2.124083008
SMU_1273,-2.118014494
SMU_1388,-2.101339134
SMU_775c,-2.096326117
SMU_1414c,-2.084908268
SMU_129,-2.071704166
SMU_1516,-2.061022272
SMU_1081c,-2.057160081
SMU_1077,-2.048028768
SMU_1578,-2.003275132
SMU_1742c,-2
SMU_1799,-2
SMU_330,-2
SMU_368c,-2
SMU_629,-2
SMU_778,-2
SMU_942,-2
SMU_989,-2
SMU_1855,-1.983661263
SMU_1635,-1.977279923
SMU_547,-1.975196609
SMU_1660c,-1.969164689
SMU_866,-1.968839069
SMU_1272,-1.962390539
SMU_1665,-1.954663177
SMU_552,-1.932298732
SMU_1521,-1.915446782
SMU_1520,-1.896323254
SMU_747c,-1.868940729
SMU_29,-1.863821874
SMU_1177c,-1.858580245
SMU_1991,-1.853940726
SMU_1451,-1.834265131
SMU_2037,-1.817623258
SMU_1766c,-1.815916936
SMU_1126,-1.807354922
SMU_1792c,-1.798944568
SMU_1215,-1.788719534
SMU_1370c,-1.784271309
SMU_70,-1.784271309
SMU_558,-1.760049207
SMU_363,-1.759213428
SMU_157,-1.743224585
SMU_830,-1.736965594
SMU_1558c,-1.735302545
SMU_472,-1.728589483
SMU_354,-1.723237726
SMU_717,-1.697971463
SMU_27,-1.697072867
SMU_1114,-1.688055994
SMU_422,-1.679599375
SMU_1268,-1.674634546
SMU_1676c,-1.671870566
SMU_543,-1.66822338
SMU_2030,-1.660448537
SMU_854,-1.660145135
SMU_516,-1.656580831
SMU_1265,-1.641164787
SMU_567,-1.616340315
SMU_1589c,-1.611857728
SMU_938,-1.609890897
SMU_489,-1.609401094
SMU_1586,-1.607330314
SMU_1618,-1.584962501
SMU_23,-1.584962501
SMU_463,-1.584962501
SMU_801,-1.584962501
SMU_t26,-1.584962501
SMU_1795c,-1.582221967
SMU_1267c,-1.575077912
SMU_1271,-1.572956647
SMU_1304c,-1.569763194
SMU_1082,-1.56567683
SMU_1990,-1.548343909
SMU_1682c,-1.547920799
SMU_1306c,-1.540358997
SMU_1675,-1.531092604
SMU_91,-1.525225153
SMU_1872c,-1.524095695
SMU_869,-1.514573173
SMU_1415c,-1.51332383
SMU_120,-1.511290589
SMU_781,-1.501304572
SMU_414,-1.497958459
SMU_t25,-1.474602053
SMU_t65,-1.472487771
SMU_1190,-1.469485283
SMU_1066,-1.462343214
SMU_1748,-1.459431619
SMU_1062,-1.459165921
SMU_2046c,-1.453782728
SMU_1455,-1.448758117
SMU_1266,-1.445799753
SMU_159,-1.4450062
SMU_608,-1.429963813
SMU_1144,-1.428843299
SMU_50,-1.422691072
SMU_1788c,-1.419501747
SMU_529,-1.416857935
SMU_1519,-1.414257031
SMU_t62,-1.403691233
SMU_698,-1.394077881
SMU_1818c,-1.385938186
SMU_1592,-1.369681226
SMU_557,-1.368192636
SMU_1256c,-1.34820742
SMU_1623c,-1.343632909
SMU_746c,-1.341322346
SMU_337,-1.339291494
SMU_1449,-1.333924902
SMU_1332c,-1.331912183
SMU_1510,-1.321928095
SMU_1801c,-1.321928095
SMU_465,-1.321928095
SMU_1418,-1.318178828
SMU_1770,-1.31532536
SMU_1232c,-1.314462645
SMU_802,-1.30256277
SMU_143c,-1.295455884
SMU_1992,-1.29223641
SMU_1117,-1.281321492
SMU_165,-1.268904994
SMU_349,-1.268824854
SMU_1651,-1.266378186
SMU_1233,-1.25958121
SMU_847c,-1.257797757
SMU_1533,-1.257700962
SMU_131,-1.252343205
SMU_706c,-1.249802149
SMU_1140c,-1.248661672
SMU_1650,-1.24865356
SMU_413,-1.248430282
SMU_990,-1.24747397
SMU_1685c,-1.244754378
SMU_748,-1.243042931
SMU_758c,-1.242739064
SMU_318,-1.241595074
SMU_127,-1.241273499
SMU_1128,-1.234912159
SMU_37,-1.234554306
SMU_1183,-1.230440087
SMU_1727,-1.222392421
SMU_1802c,-1.222392421
SMU_628,-1.222392421
SMU_712,-1.222392421
SMU_488,-1.220547936
SMU_580,-1.2186825
SMU_1208c,-1.198312047
SMU_1721c,-1.197169489
SMU_695,-1.194430592
SMU_128,-1.193326493
SMU_1063,-1.185452733
SMU_348,-1.173331603
SMU_586,-1.169925001
SMU_1417c,-1.166958434
SMU_1659c,-1.166502083
SMU_1782,-1.163907012
SMU_123,-1.162938571
SMU_743,-1.152580056
SMU_1820c,-1.152003093
SMU_1607,-1.150414461
SMU_1219c,-1.149340241
SMU_1358,-1.139336682
SMU_229,-1.13068528
SMU_30,-1.127150507
SMU_752,-1.125678752
SMU_1207,-1.125530882
SMU_486,-1.120568339
SMU_124,-1.115906962
SMU_1059,-1.09886857
SMU_1612c,-1.098208588
SMU_1179c,-1.092197007
SMU_583,-1.091147888
SMU_905,-1.085216002
SMU_130,-1.083577133
SMU_1817c,-1.082509811
SMU_243,-1.082019072
SMU_1752c,-1.073581132
SMU_1988c,-1.073037036
SMU_1661c,-1.072310305
SMU_1361c,-1.068924054
SMU_1789c,-1.067857087
SMU_787,-1.064043064
SMU_1564,-1.052737721
SMU_1871c,-1.052547054
SMU_1976c,-1.051558206
SMU_590c,-1.044394119
SMU_973,-1.03742548
SMU_399,-1.037097924
SMU_553,-1.029307832
SMU_231,-1.025146518
SMU_1287,-1.025020142
SMU_1794c,-1.020941981
SMU_585,-1.0206742
SMU_913,-1.009337865
SMU_1225,-1.006156428
SMU_1204,-1
SMU_1543,-1
SMU_1613c,-1
SMU_169,-1
SMU_1837,-1
SMU_1886,-1
SMU_2021,-1
SMU_2149c,-1
SMU_419,-1
SMU_421,-1
SMU_589,-1
SMU_675,-1
SMU_993,-1
SMU_t27,-1
SMU_1828,-0.991769071
SMU_604,-0.983417116
SMU_1263,-0.981395753
SMU_1791c,-0.980663515
SMU_1230c,-0.977263648
SMU_2146c,-0.970700184
SMU_1943,-0.959358016
SMU_1044c,-0.945585343
SMU_2162c,-0.943644173
SMU_1351,-0.941876776
SMU_694c,-0.94069515
SMU_242c,-0.940628284
SMU_1525,-0.936498155
SMU_1123,-0.93618932
SMU_1192,-0.932885804
SMU_1173,-0.931638954
SMU_1053,-0.915478091
SMU_1604c,-0.914090272
SMU_1765c,-0.903899901
SMU_356,-0.899430507
SMU_906,-0.894025512
SMU_370,-0.893472435
SMU_2129c,-0.892065753
SMU_52,-0.891547332
SMU_711,-0.890987728
SMU_764,-0.89059554
SMU_1288,-0.888743249
SMU_t40,-0.886991038
SMU_164,-0.881034552
SMU_1875,-0.877745794
SMU_1220c,-0.87624518
SMU_236c,-0.873353577
SMU_1678,-0.870855555
SMU_1849,-0.867401274
SMU_1046c,-0.861480136
SMU_555,-0.849648532
SMU_01,-0.847996907
SMU_1937,-0.845375254
SMU_1517,-0.844582242
SMU_917c,-0.844359476
SMU_1999c,-0.843208668
SMU_923,-0.842853603
SMU_48,-0.842429756
SMU_1733c,-0.839868398
SMU_447,-0.839279689
SMU_1473c,-0.832532044
SMU_66,-0.827034328
SMU_528c,-0.820754877
SMU_703c,-0.818855143
SMU_100,-0.81867883
SMU_125,-0.816653237
SMU_2096c,-0.816519771
SMU_927,-0.814598765
SMU_1229,-0.812975089
SMU_1231c,-0.807354922
SMU_464,-0.807354922
SMU_2136c,-0.80604159
SMU_296,-0.805391942
SMU_297,-0.799981531
SMU_1649,-0.796650027
SMU_1683c,-0.794589448
SMU_2092c,-0.790716256
SMU_2047,-0.78387991
SMU_362,-0.782659829
SMU_391c,-0.780235796
SMU_875c,-0.777607579
SMU_788,-0.773833301
SMU_1639,-0.772589504
SMU_1816c,-0.765309225
SMU_1119c,-0.761357181
SMU_1216c,-0.759476596
SMU_71,-0.755735398
SMU_1213c,-0.747420765
SMU_834,-0.744810344
SMU_677,-0.744806347
SMU_293,-0.743079335
SMU_387,-0.742866196
SMU_1459c,-0.739737343
SMU_2102,-0.736965594
SMU_821,-0.736965594
SMU_943c,-0.736965594
SMU_241c,-0.734640201
SMU_34,-0.731803889
SMU_2086,-0.730679331
SMU_461,-0.727010212
SMU_172,-0.72102405
SMU_101,-0.719786313
SMU_1917,-0.719013835
SMU_1680c,-0.718352899
SMU_1935c,-0.713567987
SMU_1679c,-0.713057263
SMU_812,-0.712460631
SMU_751,-0.711439191
SMU_809,-0.708853888
SMU_1238c,-0.704983059
SMU_1987,-0.702473803
SMU_932,-0.700237561
SMU_915c,-0.700203075
SMU_588,-0.694688102
SMU_1714c,-0.686743276
SMU_1674,-0.685853069
SMU_1961c,-0.683092475
SMU_494,-0.68182404
SMU_587,-0.679611228
SMU_742,-0.674929711
SMU_1303c,-0.674124721
SMU_1598,-0.672993265
SMU_473,-0.668674631
SMU_1870,-0.665057166
SMU_1381,-0.660410439
SMU_160,-0.658054417
SMU_919c,-0.658031438
SMU_1241,-0.657229652
SMU_1453c,-0.656702528
SMU_1419,-0.654905783
SMU_491,-0.654297936
SMU_439,-0.652963305
SMU_1515,-0.650637652
SMU_1310,-0.648679062
SMU_925,-0.646214061
SMU_1024c,-0.641546029
SMU_1977c,-0.641162639
SMU_156,-0.640807052
SMU_1394,-0.640539088
SMU_54,-0.640104055
SMU_721,-0.638046115
SMU_355,-0.636962651
SMU_1940c,-0.635265808
SMU_983,-0.628305247
SMU_707c,-0.61948014
SMU_1800c,-0.614466495
SMU_485,-0.612571028
SMU_1120,-0.610911786
SMU_65,-0.602273932
SMU_1462c,-0.599637211
SMU_1853,-0.599562691
SMU_1118c,-0.598967299
SMU_85,-0.595855221
SMU_1003,-0.592185019
SMU_1850,-0.591372454
SMU_1355c,-0.591059018
SMU_613,-0.591008377
SMU_1851,-0.588984153
SMU_786,-0.588621843
SMU_2155,-0.587904633
SMU_974,-0.586732214
SMU_1695,-0.586596912
SMU_459,-0.586164847
SMU_1136,-0.584962501
SMU_1735,-0.584962501
SMU_2000,-0.584962501
SMU_359,-0.584962501
SMU_446,-0.584962501
SMU_1526c,-0.583425266
SMU_1732c,-0.58137347
SMU_175,-0.578267848
SMU_1873,-0.573991383
SMU_1557c,-0.573873322
SMU_244,-0.573735245
SMU_339,-0.57096535
SMU_1227,-0.56894608
SMU_805c,-0.566103473
SMU_776,-0.565667811
SMU_1655c,-0.563900885
SMU_1387,-0.561384542
SMU_1916,-0.556648987
SMU_512c,-0.555742362
SMU_1541,-0.555376788
SMU_2057c,-0.549835134
SMU_2081,-0.54965249
SMU_1305c,-0.549631155
SMU_568,-0.54714995
SMU_1200,-0.545649577
SMU_1883,-0.545325528
SMU_1089,-0.540485427
SMU_92c,-0.53871187
SMU_1975c,-0.536196674
SMU_1338c,-0.536122512
SMU_816,-0.534313343
SMU_68,-0.5334322
SMU_1161c,-0.531862577
SMU_1844,-0.527137546
SMU_1924,-0.527118426
SMU_1531,-0.526068812
SMU_877,-0.521798706
SMU_1261c,-0.515896139
SMU_944,-0.514573173
SMU_941c,-0.512734173
SMU_333,-0.51224677
SMU_1135,-0.511899039
SMU_379,-0.509620868
SMU_1314,-0.508749571
SMU_1309c,-0.508198135
SMU_790,-0.505545185
SMU_1111c,-0.504419927
SMU_1150,-0.503210798
SMU_1251,-0.500247537
SMU_1226c,-0.500108774
SMU_295,-0.497621772
SMU_1652,-0.497499659
SMU_806c,-0.496969123
SMU_453,-0.496771018
SMU_259,-0.496198481
SMU_954,-0.494206239
SMU_916c,-0.490784447
SMU_1311,-0.489429185
SMU_1253c,-0.489161897
SMU_713,-0.485426827
SMU_232,-0.484587075
SMU_332,-0.481386097
SMU_182,-0.47688938
SMU_533,-0.472697717
SMU_1218,-0.470766074
SMU_666,-0.465991478
SMU_1843,-0.463541602
SMU_206c,-0.459783195
SMU_803c,-0.45721487
SMU_32,-0.453827215
SMU_238c,-0.449571742
SMU_1322,-0.447718198
SMU_605,-0.447661873
SMU_493,-0.447522362
SMU_151,-0.445908711
SMU_963c,-0.445780449
SMU_757,-0.445156497
SMU_1906c,-0.444753012
SMU_84,-0.444383523
SMU_1243,-0.443827771
SMU_498,-0.442613744
SMU_1572,-0.442119851
SMU_823,-0.441189787
SMU_647,-0.440572591
SMU_1079c,-0.440023006
SMU_331,-0.43720888
SMU_1330c,-0.436099115
SMU_1479,-0.433756697
SMU_1010,-0.429264257
SMU_168,-0.42779673
SMU_879,-0.427438603
SMU_1169c,-0.427149995
SMU_1654c,-0.425454115
SMU_520,-0.4252651
SMU_1071c,-0.42459247
SMU_1048,-0.423790452
SMU_1763c,-0.421760131
SMU_234,-0.421591945
SMU_1313c,-0.420583484
SMU_1895c,-0.418905893
SMU_1779c,-0.417156306
SMU_1719c,-0.416508886
SMU_1019,-0.416491096
SMU_1699c,-0.416275067
SMU_1609c,-0.415037499
SMU_868,-0.415037499
SMU_765,-0.414290569
SMU_113,-0.412053641
SMU_2104,-0.41109628
SMU_341,-0.409961644
SMU_424,-0.409893462
SMU_2079c,-0.406909618
SMU_321,-0.40588215
SMU_1548c,-0.405548131
SMU_1329c,-0.40478133
SMU_326,-0.403755266
SMU_1158c,-0.402698192
SMU_902,-0.400708841
SMU_534,-0.398751283
SMU_187c,-0.398501464
SMU_1156c,-0.398023929
SMU_1377c,-0.397667048
SMU_1065c,-0.396548128
SMU_1985,-0.396072221
SMU_2048,-0.3950628
SMU_556,-0.392690068
SMU_521,-0.39061832
SMU_1790c,-0.389687533
SMU_496,-0.388959672
SMU_1764c,-0.38574257
SMU_2091c,-0.385288699
SMU_1472,-0.380292421
SMU_281,-0.379361768
SMU_1758c,-0.376519167
SMU_641,-0.37611851
SMU_1260c,-0.375707076
SMU_564,-0.374542721
SMU_1955,-0.372809264
SMU_724,-0.371041595
SMU_1367c,-0.369649803
SMU_16,-0.369169528
SMU_482,-0.368126143
SMU_343,-0.367452547
SMU_268,-0.36626545
SMU_523,-0.364539898
SMU_876,-0.358096603
SMU_1603,-0.356565097
SMU_31,-0.355551449
SMU_1761c,-0.355487225
SMU_267c,-0.354960202
SMU_1463c,-0.3526232
SMU_300,-0.349273257
SMU_685,-0.349192435
SMU_1456c,-0.349007629
SMU_839,-0.348641333
SMU_951,-0.347270943
SMU_1095,-0.345828224
SMU_1723c,-0.344383843
SMU_1716c,-0.342409699
SMU_981,-0.334847938
SMU_470,-0.333897762
SMU_152,-0.329908254
SMU_761,-0.329011191
SMU_719c,-0.328146853
SMU_292,-0.32738144
SMU_161,-0.325340199
SMU_1284c,-0.323353448
SMU_313,-0.32233708
SMU_1663,-0.321928095
SMU_548,-0.321928095
SMU_2074,-0.321175211
SMU_631,-0.320950612
SMU_836,-0.320417758
SMU_1121c,-0.31490456
SMU_1982c,-0.313845749
SMU_524,-0.313329632
SMU_1450,-0.305785996
SMU_928,-0.303616217
SMU_1011,-0.302641752
SMU_1021,-0.301071801
SMU_1454c,-0.300953175
SMU_05,-0.299560282
SMU_910,-0.298734717
SMU_1562,-0.29766312
SMU_1307c,-0.296924943
SMU_1217c,-0.296263211
SMU_701c,-0.295700009
SMU_1374,-0.294215602
SMU_1249c,-0.29318834
SMU_670,-0.29284783
SMU_518,-0.292045699
SMU_924,-0.291907965
SMU_1724c,-0.291015515
SMU_1023,-0.286609275
SMU_843,-0.285483162
SMU_1762c,-0.284625378
SMU_532,-0.283754959
SMU_1255c,-0.283187312
SMU_909,-0.282324313
SMU_1116c,-0.279696563
SMU_741,-0.275380726
SMU_1970c,-0.274517567
SMU_811,-0.272914632
SMU_2060,-0.269992672
SMU_1331c,-0.26680684
SMU_1486c,-0.266297685
SMU_1426c,-0.263034406
SMU_455,-0.263034406
SMU_1568,-0.260445963
SMU_1889c,-0.259106958
SMU_1352,-0.259026298
SMU_204c,-0.258663201
SMU_946,-0.257074792
SMU_327,-0.25631447
SMU_1406c,-0.256081645
SMU_89c,-0.255084477
SMU_104,-0.254343446
SMU_366,-0.249569573
SMU_594,-0.248190228
SMU_1664c,-0.247678863
SMU_1264,-0.2474635
SMU_2100c,-0.247049726
SMU_1410,-0.243507839
SMU_504,-0.242093075
SMU_28,-0.241969255
SMU_1124,-0.240940785
SMU_600c,-0.240023759
SMU_1259,-0.238404739
SMU_975,-0.237320458
SMU_1254,-0.237180368
SMU_690,-0.233892163
SMU_406c,-0.232851959
SMU_2147c,-0.23189981
SMU_1813,-0.231449516
SMU_883,-0.229212566
SMU_718c,-0.228344415
SMU_799c,-0.224675528
SMU_1323,-0.223549318
SMU_1058,-0.219797645
SMU_678,-0.219470615
SMU_1209c,-0.219313028
SMU_1030,-0.219050914
SMU_256,-0.218305464
SMU_999,-0.217423058
SMU_1671c,-0.21720867
SMU_1398,-0.214547993
SMU_183,-0.210822056
SMU_2097,-0.210607557
SMU_1942c,-0.208551469
SMU_795,-0.208529475
SMU_837,-0.208493851
SMU_1129,-0.207157908
SMU_994,-0.206450877
SMU_1032,-0.205914958
SMU_1830c,-0.200924107
SMU_1296,-0.199789269
SMU_956,-0.197411076
SMU_814,-0.197213858
SMU_74,-0.196932436
SMU_1593c,-0.194391095
SMU_1280c,-0.193861413
SMU_1556,-0.193132393
SMU_704c,-0.19277824
SMU_235,-0.191641498
SMU_1022,-0.19100472
SMU_536,-0.188245869
SMU_35,-0.186523631
SMU_1814,-0.18473038
SMU_1056,-0.182834496
SMU_1710c,-0.182478052
SMU_1430,-0.180736384
SMU_1633c,-0.180035029
SMU_1047c,-0.178511673
SMU_86,-0.177240385
SMU_1206c,-0.176266528
SMU_1336,-0.173861008
SMU_1025,-0.173382721
SMU_195c,-0.172543872
SMU_1171c,-0.172213873
SMU_880,-0.170914165
SMU_1431c,-0.170580512
SMU_789,-0.170315923
SMU_609,-0.168676839
SMU_1315c,-0.167438514
SMU_36,-0.166330475
SMU_2036,-0.165579146
SMU_838,-0.165135229
SMU_842,-0.163252942
SMU_984,-0.163058282
SMU_1787c,-0.161036905
SMU_148,-0.157909032
SMU_1125c,-0.157299956
SMU_1876,-0.156087034
SMU_93c,-0.15603297
SMU_1614,-0.155483662
SMU_1064c,-0.154505177
SMU_1571,-0.153481265
SMU_1774c,-0.152548433
SMU_150,-0.152490408
SMU_642,-0.152248847
SMU_911c,-0.150242636
SMU_1838,-0.14974712
SMU_1146c,-0.149738733
SMU_1946,-0.149735791
SMU_1004,-0.149490588
SMU_1646c,-0.146427039
SMU_503c,-0.144993536
SMU_1523,-0.144656199
SMU_442,-0.144276651
SMU_167,-0.143526453
SMU_1945,-0.143523257
SMU_2073c,-0.143273704
SMU_1471c,-0.140537014
SMU_1240c,-0.140220268
SMU_60,-0.139765815
SMU_882,-0.139260322
SMU_1784c,-0.138181358
SMU_106c,-0.137503524
SMU_1867c,-0.135010175
SMU_220c,-0.13457998
SMU_509,-0.131952399
SMU_539c,-0.131172598
SMU_772,-0.129326981
SMU_374,-0.126774585
SMU_709,-0.126196213
SMU_2116,-0.125619391
SMU_2071,-0.125614796
SMU_537,-0.124324341
SMU_1069c,-0.122020978
SMU_525,-0.12169104
SMU_2061,-0.118363457
SMU_1228c,-0.116510698
SMU_893,-0.115149171
SMU_1700c,-0.113525831
SMU_1055,-0.112727062
SMU_1090,-0.112664483
SMU_1289c,-0.112506664
SMU_1037c,-0.111608929
SMU_1701c,-0.110933506
SMU_1832,-0.110211224
SMU_863,-0.10994989
SMU_633,-0.108456706
SMU_665,-0.106073442
SMU_1020,-0.105641638
SMU_1840,-0.105276608
SMU_817,-0.103651388
SMU_1094,-0.102478528
SMU_1343c,-0.10229541
SMU_1797c,-0.101914908
SMU_995,-0.101669464
SMU_1971c,-0.101121924
SMU_1041,-0.100289558
SMU_652c,-0.099693855
SMU_874,-0.099640099
SMU_1577c,-0.09765298
SMU_648,-0.097234724
SMU_691,-0.097056766
SMU_56,-0.095021525
SMU_121,-0.094748218
SMU_844,-0.094731321
SMU_1950,-0.093094564
SMU_294,-0.092467493
SMU_2029,-0.092333815
SMU_1108c,-0.091674601
SMU_1168,-0.090870099
SMU_1086,-0.089399085
SMU_992,-0.088959346
SMU_815,-0.088824747
SMU_1292c,-0.088569994
SMU_720,-0.088273101
SMU_1093,-0.088136568
SMU_1196c,-0.088108326
SMU_1447c,-0.086512281
SMU_105,-0.08586637
SMU_610,-0.085600578
SMU_595,-0.085046142
SMU_334,-0.083935798
SMU_1096,-0.083901258
SMU_1282,-0.082748381
SMU_1122,-0.082573244
SMU_1290c,-0.081240584
SMU_1335c,-0.081013071
SMU_961,-0.078826367
SMU_621c,-0.078567593
SMU_1605,-0.078140187
SMU_1823,-0.077380679
SMU_2054c,-0.076471801
SMU_1552c,-0.076071474
SMU_08,-0.075770334
SMU_438c,-0.07568969
SMU_188c,-0.074517214
SMU_145,-0.074364447
SMU_562,-0.073729008
SMU_1293c,-0.072699489
SMU_1151c,-0.072469638
SMU_1621c,-0.07217938
SMU_1811,-0.070474362
SMU_771c,-0.069356147
SMU_577,-0.06856052
SMU_367,-0.068002566
SMU_38c,-0.066386942
SMU_1009,-0.066056907
SMU_389,-0.065754445
SMU_103,-0.065728605
SMU_1102,-0.06426057
SMU_210c,-0.064130337
SMU_466,-0.06309879
SMU_645,-0.062303712
SMU_840c,-0.060314364
SMU_1545c,-0.058113221
SMU_423,-0.057958991
SMU_1026,-0.057393523
SMU_796,-0.056736427
SMU_936,-0.05621601
SMU_346,-0.055781953
SMU_2050c,-0.055585002
SMU_412c,-0.05538857
SMU_841,-0.055317768
SMU_1760c,-0.054725848
SMU_1357,-0.054369606
SMU_303,-0.054312247
SMU_2049c,-0.053882179
SMU_952,-0.053451092
SMU_1369,-0.05246742
SMU_892,-0.051915624
SMU_208c,-0.051428656
SMU_1088,-0.047488926
SMU_1979c,-0.046975616
SMU_2058,-0.046251321
SMU_499,-0.045340313
SMU_2107c,-0.044167583
SMU_671,-0.043074194
SMU_1153c,-0.042646149
SMU_1172c,-0.040466592
SMU_1246c,-0.039567084
SMU_371,-0.038515236
SMU_1007,-0.036172389
SMU_202c,-0.035666873
SMU_502,-0.035389891
SMU_403,-0.035315674
SMU_651c,-0.035198435
SMU_2094c,-0.034021805
SMU_962,-0.033672644
SMU_1610,-0.033538115
SMU_680,-0.032764629
SMU_1375c,-0.031364171
SMU_1898,-0.030951474
SMU_897,-0.029850111
SMU_527,-0.028188544
SMU_607,-0.026574615
SMU_350,-0.025778441
SMU_1334,-0.025072895
SMU_276c,-0.023192225
SMU_1042,-0.022471667
SMU_1147c,-0.022367813
SMU_1239,-0.022305562
SMU_2159,-0.0218609
SMU_508,-0.020651256
SMU_t36,-0.020229325
SMU_2042,-0.019080742
SMU_1302,-0.018913971
SMU_1031,-0.0171922
SMU_673,-0.016851918
SMU_1936c,-0.016822607
SMU_1035,-0.015671548
SMU_1805,-0.014451156
SMU_891,-0.014361506
SMU_1404c,-0.013527902
SMU_223c,-0.013127434
SMU_67,-0.012711052
SMU_1163c,-0.011994163
SMU_1014,-0.01085963
SMU_166,-0.010828877
SMU_986c,-0.010349363
SMU_851,-0.009149107
SMU_934,-0.007548625
SMU_933,-0.006804414
SMU_416,-0.005908657
SMU_501,-0.00542764
SMU_759,-0.005190405
SMU_1637c,-0.004487391
SMU_1165c,-0.003250047
SMU_1611c,-0.002098231
SMU_664,-0.001735946
SMU_689,-0.000267537
SMU_1029,0
SMU_1045c,0
SMU_1187,0
SMU_1195,0
SMU_1294,0
SMU_1365c,0
SMU_1734,0
SMU_1852,0
SMU_2005,0
SMU_2022,0
SMU_307,0
SMU_603,0
SMU_650,0
SMU_777,0
SMU_939,0
SMU_965,0
SMU_966,0
SMU_2130,0.000995305
SMU_980,0.002752226
SMU_1438c,0.00371571
SMU_526c,0.004184852
SMU_2087,0.004249473
SMU_1658,0.005977298
SMU_490,0.006337547
SMU_682,0.007162039
SMU_2131,0.007188331
SMU_196c,0.007580748
SMU_2164,0.007620918
SMU_593,0.00902368
SMU_1861c,0.011176094
SMU_237c,0.012431875
SMU_1393c,0.014688022
SMU_460,0.015296488
SMU_561c,0.015536866
SMU_2059c,0.015849269
SMU_570,0.016470365
SMU_94c,0.016747075
SMU_997,0.017044697
SMU_620,0.0187823
SMU_1647c,0.019159578
SMU_255,0.019993831
SMU_1553c,0.021017781
SMU_545,0.022542569
SMU_2125,0.023237652
SMU_1149,0.025480425
SMU_1038c,0.026005178
SMU_1286c,0.026394968
SMU_1013c,0.027530344
SMU_791c,0.027633558
SMU_1295,0.029035365
SMU_1390,0.029613767
SMU_1725,0.029800778
SMU_373,0.030978994
SMU_1074,0.031026896
SMU_1145c,0.031260036
SMU_700c,0.031432508
SMU_955,0.032112185
SMU_807,0.032385087
SMU_1984,0.035734212
SMU_444,0.035820476
SMU_1595,0.036180863
SMU_1587c,0.042136083
SMU_1535,0.04215766
SMU_914c,0.04238834
SMU_510c,0.042879068
SMU_1563,0.04359815
SMU_1258c,0.044007182
SMU_2056,0.044394119
SMU_602,0.045225489
SMU_1344c,0.046186397
SMU_383c,0.046361721
SMU_1039c,0.046861134
SMU_571,0.047944434
SMU_1897,0.048468443
SMU_433,0.049524855
SMU_1175,0.050647108
SMU_1973,0.052448053
SMU_1957,0.05316571
SMU_2117,0.053962024
SMU_1815,0.054632055
SMU_656,0.055336062
SMU_535,0.056307441
SMU_497c,0.056335039
SMU_1810,0.056881762
SMU_1670c,0.057002131
SMU_1160c,0.057322772
SMU_688,0.057386529
SMU_273,0.057465025
SMU_426,0.059058716
SMU_1054,0.059419313
SMU_2126c,0.060749795
SMU_953c,0.061225789
SMU_1489,0.061680598
SMU_1600,0.062584537
SMU_679,0.064150212
SMU_1164c,0.065492962
SMU_1403c,0.06600025
SMU_1308,0.06780938
SMU_1416c,0.068203292
SMU_1327c,0.0692353
SMU_1874,0.069708972
SMU_2113c,0.070704215
SMU_575c,0.071597343
SMU_102,0.073329729
SMU_734,0.073373186
SMU_1673,0.074725319
SMU_384,0.075197894
SMU_1575c,0.075243748
SMU_899,0.075894849
SMU_2127,0.07705454
SMU_1068c,0.080178886
SMU_1341c,0.081325399
SMU_996,0.081544163
SMU_1925c,0.08185093
SMU_139,0.082116122
SMU_1057,0.08246216
SMU_1036,0.082784875
SMU_977,0.082844139
SMU_2063,0.083948796
SMU_514,0.085375186
SMU_298,0.085868762
SMU_1996,0.08590084
SMU_163c,0.087305579
SMU_1914c,0.08777596
SMU_1342,0.08852369
SMU_279,0.08886497
SMU_1346,0.091439371
SMU_1965c,0.091995784
SMU_1017,0.092235795
SMU_1599,0.092245063
SMU_2154c,0.094195948
SMU_635,0.09661819
SMU_663,0.09784055
SMU_873,0.09800904
SMU_1373c,0.099010006
SMU_896,0.099463411
SMU_55,0.100544251
SMU_657,0.10083384
SMU_1001,0.100872179
SMU_1754c,0.100915327
SMU_1067c,0.102535066
SMU_634,0.105979786
SMU_1400c,0.106210017
SMU_378,0.106915204
SMU_1620,0.106970408
SMU_1384,0.10794641
SMU_1767c,0.110682034
SMU_1747c,0.111239925
SMU_2067,0.112191915
SMU_1443c,0.113547685
SMU_1427c,0.113993391
SMU_375,0.117452983
SMU_1892c,0.117612218
SMU_12,0.119501171
SMU_219,0.119511851
SMU_2121c,0.119797118
SMU_1539,0.12023119
SMU_253,0.120342158
SMU_769,0.122315961
SMU_1631,0.123562395
SMU_474,0.123889457
SMU_649,0.124368528
SMU_850,0.124395936
SMU_1504c,0.12646213
SMU_885,0.128219397
SMU_272,0.129631748
SMU_1989,0.130703692
SMU_800,0.130808871
SMU_119,0.132180437
SMU_684,0.13234519
SMU_1958c,0.132381454
SMU_1576c,0.132607313
SMU_1157c,0.133318595
SMU_t20,0.133827866
SMU_1098c,0.13529205
SMU_646,0.135689953
SMU_44,0.13751713
SMU_623c,0.138013572
SMU_1107c,0.138436898
SMU_264,0.138845664
SMU_881,0.139400513
SMU_1715c,0.139482108
SMU_2064c,0.140787442
SMU_819,0.141258531
SMU_392c,0.142528296
SMU_1148,0.143942831
SMU_262,0.144023138
SMU_644,0.145233252
SMU_739c,0.145695235
SMU_1648c,0.145944413
SMU_1900,0.146504855
SMU_515,0.147781543
SMU_117c,0.148721685
SMU_261c,0.149173639
SMU_1717c,0.150100144
SMU_1319c,0.150410275
SMU_683,0.150887796
SMU_1262c,0.152524219
SMU_730,0.152881058
SMU_1197,0.153123198
SMU_813,0.153808321
SMU_1188,0.154211659
SMU_435,0.154835555
SMU_1585c,0.155097584
SMU_797,0.155617526
SMU_930c,0.158302216
SMU_441,0.158764984
SMU_659,0.159183137
SMU_1704,0.159701675
SMU_1951c,0.161053318
SMU_1389,0.161109928
SMU_998,0.161221623
SMU_591c,0.162939302
SMU_1537,0.163137333
SMU_1300c,0.164386818
SMU_2161c,0.164799327
SMU_770c,0.164812078
SMU_137,0.165113685
SMU_538,0.16550633
SMU_636,0.167599948
SMU_42,0.168382968
SMU_1777,0.169412772
SMU_982,0.169452064
SMU_329,0.170850102
SMU_1804c,0.17145224
SMU_2033c,0.171627953
SMU_2002,0.172467196
SMU_573,0.173560188
SMU_1570,0.17356855
SMU_2055,0.173895563
SMU_1386,0.174192012
SMU_1078c,0.175022478
SMU_1561,0.175489226
SMU_1072c,0.176689972
SMU_427,0.177677502
SMU_335,0.178773694
SMU_1554c,0.17967393
SMU_1470c,0.179711402
SMU_1974,0.181340045
SMU_133c,0.181685522
SMU_1317c,0.182495562
SMU_1980c,0.183599938
SMU_2070,0.184213558
SMU_1091,0.18519525
SMU_848,0.186266165
SMU_976,0.187907691
SMU_1245c,0.189477799
SMU_1316c,0.18961697
SMU_2080,0.189808496
SMU_1409c,0.190540166
SMU_1257c,0.19066135
SMU_500,0.19154173
SMU_1052,0.191577601
SMU_643,0.193354038
SMU_1109c,0.193758221
SMU_1437,0.195062042
SMU_428,0.195626172
SMU_640c,0.197413454
SMU_402,0.197576799
SMU_1806,0.199176693
SMU_622c,0.201511345
SMU_176,0.201537898
SMU_211c,0.201545605
SMU_1596,0.201711349
SMU_1560,0.202037908
SMU_1972c,0.202229382
SMU_1931,0.202659298
SMU_2150c,0.204358499
SMU_1097c,0.205242798
SMU_1321c,0.205445125
SMU_871,0.205857915
SMU_505,0.206326758
SMU_43,0.2067594
SMU_1008,0.207458962
SMU_115,0.207544898
SMU_1854,0.208363179
SMU_73,0.208883436
SMU_1432c,0.210524277
SMU_2105,0.21398998
SMU_1488c,0.21471671
SMU_258,0.215682437
SMU_1574c,0.218046951
SMU_1182,0.218197318
SMU_365,0.220950559
SMU_1301c,0.22132543
SMU_886,0.221409942
SMU_1590,0.222227852
SMU_732,0.223723198
SMU_522,0.224246526
SMU_79,0.226316771
SMU_1550c,0.228929456
SMU_138,0.22900638
SMU_1891c,0.229241795
SMU_311,0.230625807
SMU_935,0.230951288
SMU_745,0.231664252
SMU_878,0.23485742
SMU_2065,0.234880806
SMU_1775c,0.234886329
SMU_991,0.235688798
SMU_1807c,0.237221598
SMU_1028,0.237377829
SMU_209c,0.237758328
SMU_265,0.23786587
SMU_2069,0.238296307
SMU_889,0.23916253
SMU_1597c,0.243814204
SMU_768c,0.245516645
SMU_257,0.245680348
SMU_2090c,0.245979242
SMU_217c,0.246188394
SMU_1547c,0.247221281
SMU_1405c,0.248517999
SMU_737,0.24915909
SMU_1536,0.250499701
SMU_606,0.250992767
SMU_727,0.25100541
SMU_140,0.252326372
SMU_1926,0.252976987
SMU_1006,0.253926638
SMU_820,0.254311699
SMU_1968c,0.25575418
SMU_45,0.255852172
SMU_1812,0.256915622
SMU_1928,0.25749295
SMU_2089,0.258905464
SMU_1722c,0.260212644
SMU_1412c,0.261052016
SMU_177,0.261781431
SMU_1839,0.261999103
SMU_668c,0.263034406
SMU_199c,0.263561675
SMU_116,0.264423712
SMU_320,0.264906213
SMU_448,0.265511548
SMU_132,0.265607839
SMU_162c,0.265661469
SMU_314,0.268447902
SMU_1027,0.270140355
SMU_1485c,0.27118293
SMU_1421,0.275336258
SMU_793,0.275591713
SMU_2133c,0.275809436
SMU_382c,0.277500424
SMU_302,0.277926062
SMU_200c,0.280181712
SMU_2043c,0.28048995
SMU_207c,0.281085698
SMU_985,0.281619339
SMU_301,0.282179843
SMU_1339,0.283007818
SMU_1966c,0.283751021
SMU_2035,0.283999638
SMU_1104c,0.284082054
SMU_1018,0.285053851
SMU_1480,0.285460657
SMU_1482c,0.286075712
SMU_1681c,0.288356945
SMU_284,0.289354332
SMU_1904c,0.290591314
SMU_1354c,0.290593236
SMU_239c,0.291416926
SMU_278,0.291708026
SMU_1382,0.294666015
SMU_1848,0.29508809
SMU_221c,0.295917768
SMU_1634c,0.296286212
SMU_1509,0.297895405
SMU_1170,0.298837018
SMU_1040c,0.300832259
SMU_1705,0.301600901
SMU_1920,0.30256277
SMU_388,0.303923921
SMU_1888,0.304940133
SMU_201c,0.306105401
SMU_1642c,0.306322857
SMU_563,0.306673661
SMU_1983,0.307780262
SMU_1877,0.308358396
SMU_1396,0.310076661
SMU_212c,0.311499895
SMU_1780,0.312167545
SMU_2111c,0.312170605
SMU_1106c,0.31224659
SMU_1662,0.313466516
SMU_530c,0.315029389
SMU_1005,0.315424575
SMU_184,0.315516791
SMU_1502c,0.315587563
SMU_1555c,0.317123232
SMU_1569,0.318064515
SMU_41,0.319105737
SMU_2027,0.322048164
SMU_592c,0.322757468
SMU_1442c,0.323741665
SMU_1929,0.323909819
SMU_2119,0.323954128
SMU_1601,0.326210197
SMU_135,0.328168792
SMU_194c,0.329103714
SMU_400,0.330769112
SMU_1194,0.332362343
SMU_1506c,0.332588488
SMU_1484c,0.334089491
SMU_2118,0.336697211
SMU_1299c,0.337428467
SMU_495,0.338281183
SMU_305,0.338572385
SMU_112c,0.340188274
SMU_386,0.341939237
SMU_1960c,0.342432222
SMU_1969c,0.346842122
SMU_39,0.347142679
SMU_2109,0.347257464
SMU_394c,0.348728154
SMU_653c,0.349003839
SMU_252,0.349207602
SMU_794,0.350769223
SMU_118c,0.350860802
SMU_862,0.351217568
SMU_1835,0.353439068
SMU_1997,0.356155972
SMU_2153c,0.35982968
SMU_1345c,0.361331692
SMU_309,0.361570141
SMU_1750c,0.364764293
SMU_72,0.366422236
SMU_2083c,0.366650968
SMU_09,0.366870217
SMU_1773c,0.36927243
SMU_1551c,0.370987012
SMU_226c,0.371464435
SMU_277,0.373307602
SMU_222c,0.376166977
SMU_1645,0.376328501
SMU_1934c,0.379159475
SMU_1378,0.379902086
SMU_725c,0.380080067
SMU_731,0.380217321
SMU_626,0.382560305
SMU_630,0.38327528
SMU_1252,0.384116498
SMU_1205c,0.385004332
SMU_1753c,0.385766655
SMU_1882c,0.38621662
SMU_2108c,0.3878263
SMU_632,0.388082593
SMU_432,0.392589544
SMU_308,0.393074314
SMU_2120c,0.394654184
SMU_2160,0.395412808
SMU_216c,0.396306076
SMU_1507c,0.398209074
SMU_58,0.398315661
SMU_381c,0.401972523
SMU_1641c,0.402155034
SMU_405c,0.402682698
SMU_299c,0.403704843
SMU_440,0.403965342
SMU_110,0.40466779
SMU_1420,0.404705771
SMU_1538,0.406341777
SMU_638,0.406453653
SMU_1340,0.406630349
SMU_569,0.407822751
SMU_2052c,0.409520494
SMU_1411,0.410086092
SMU_1865,0.412450548
SMU_1100c,0.414273643
SMU_1132,0.420769998
SMU_178,0.420978789
SMU_312,0.422126924
SMU_1841,0.423796062
SMU_1424,0.42548139
SMU_345c,0.42657253
SMU_141,0.427021554
SMU_506,0.429399938
SMU_1771c,0.432060647
SMU_2139c,0.433046006
SMU_722,0.433747649
SMU_149,0.434024632
SMU_407,0.436153677
SMU_1016,0.436194151
SMU_449,0.437362314
SMU_173,0.437906335
SMU_1483c,0.438022601
SMU_672,0.439010129
SMU_872,0.439994318
SMU_310,0.448021635
SMU_1808c,0.448660722
SMU_1856c,0.451500142
SMU_63c,0.456072607
SMU_987,0.460786916
SMU_287,0.463358168
SMU_2053c,0.463498988
SMU_1657c,0.463681092
SMU_429c,0.464306893
SMU_1250c,0.465721183
SMU_1353,0.466600304
SMU_926,0.466651607
SMU_1446c,0.467286841
SMU_1697c,0.470586944
SMU_1584c,0.471389831
SMU_213c,0.472707094
SMU_401c,0.473069621
SMU_1159c,0.47849835
SMU_1508c,0.479374438
SMU_782,0.480081031
SMU_1862,0.481382598
SMU_1930,0.481851203
SMU_1881c,0.482296131
SMU_191c,0.48252491
SMU_260,0.482711815
SMU_637c,0.486962426
SMU_78,0.487106052
SMU_1127,0.491604034
SMU_625,0.495125877
SMU_395,0.496861229
SMU_376,0.498640984
SMU_1397c,0.502210672
SMU_1112c,0.504431162
SMU_1337c,0.505157949
SMU_88c,0.505449131
SMU_180,0.506030805
SMU_1706,0.506380775
SMU_687c,0.508739995
SMU_1768c,0.512696108
SMU_1422,0.513499544
SMU_1399,0.513730477
SMU_1425,0.513768214
SMU_1702c,0.515560982
SMU_153,0.516790998
SMU_114,0.518682504
SMU_2040,0.518709448
SMU_614,0.520552788
SMU_2112,0.523498144
SMU_1349,0.524269061
SMU_1809,0.526154945
SMU_2123,0.526196731
SMU_1909c,0.526733568
SMU_487,0.528215781
SMU_1356c,0.532096966
SMU_2115,0.534036169
SMU_t34,0.534113359
SMU_189,0.534746273
SMU_215c,0.539426557
SMU_658,0.540483053
SMU_2142,0.546965237
SMU_224c,0.548054428
SMU_655,0.54890748
SMU_283,0.550161646
SMU_431,0.552794818
SMU_2066c,0.554824312
SMU_286,0.557125989
SMU_1131c,0.557764359
SMU_1395c,0.560283227
SMU_1189c,0.562667461
SMU_1383,0.562964982
SMU_372,0.566767385
SMU_2028,0.571214045
SMU_1644c,0.571308869
SMU_1707c,0.573612643
SMU_1692,0.576236193
SMU_804,0.577203642
SMU_197c,0.578143819
SMU_478,0.584962501
SMU_97,0.584962501
SMU_1963c,0.58618106
SMU_t51,0.59050778
SMU_1436c,0.593465276
SMU_2076c,0.596739668
SMU_2114c,0.600804017
SMU_263,0.60130555
SMU_1487,0.604363462
SMU_1964c,0.605441128
SMU_1392c,0.605721061
SMU_1772c,0.606081478
SMU_728,0.6065101
SMU_144c,0.606723509
SMU_1878,0.608615997
SMU_47,0.613252303
SMU_1755c,0.613270048
SMU_61,0.615083627
SMU_507,0.615856509
SMU_1368,0.618909833
SMU_87,0.618993249
SMU_798c,0.62058641
SMU_1730c,0.621672226
SMU_404c,0.626177893
SMU_681,0.627356199
SMU_1757c,0.628176184
SMU_1167c,0.628604062
SMU_1166c,0.631251992
SMU_1803c,0.635935451
SMU_1511c,0.638369848
SMU_274,0.638497723
SMU_289,0.642165809
SMU_1643c,0.652441305
SMU_1896c,0.655793266
SMU_227c,0.656170617
SMU_639,0.657127713
SMU_845,0.660543412
SMU_1981c,0.664595673
SMU_1434c,0.666638264
SMU_33,0.667341299
SMU_1927,0.680221439
SMU_1372c,0.682125235
SMU_2106c,0.688027435
SMU_198c,0.696666534
SMU_185,0.697425147
SMU_1956c,0.701379007
SMU_576,0.70160742
SMU_275,0.714463596
SMU_1903c,0.71536664
SMU_864,0.718953115
SMU_451,0.729221047
SMU_1359,0.730995992
SMU_53,0.734440853
SMU_1070c,0.739885608
SMU_108,0.740350501
SMU_2134,0.742901509
SMU_929c,0.743640887
SMU_290,0.746605611
SMU_1582c,0.747951455
SMU_2072c,0.75060511
SMU_76,0.756438489
SMU_205c,0.757494614
SMU_40,0.757759724
SMU_1360c,0.764111736
SMU_1628,0.778594307
SMU_654,0.779666673
SMU_513,0.787311254
SMU_1184c,0.787892181
SMU_1615c,0.789422531
SMU_574c,0.792579569
SMU_1933c,0.800687307
SMU_174c,0.805407965
SMU_11,0.807354922
SMU_1445c,0.811742924
SMU_735,0.814109757
SMU_1831,0.826197528
SMU_1143c,0.830074999
SMU_1622,0.833291711
SMU_1466,0.835847824
SMU_t18,0.840441714
SMU_46,0.842870172
SMU_1363c,0.865814653
SMU_2099c,0.866191631
SMU_1879,0.86627128
SMU_1155,0.868532565
SMU_1291c,0.870716983
SMU_179,0.877929413
SMU_1105c,0.882684564
SMU_1967,0.892842821
SMU_1012c,0.902601704
SMU_1423,0.906677176
SMU_1884c,0.90726779
SMU_660,0.907329705
SMU_109,0.916045852
SMU_457,0.919992352
SMU_531,0.924602551
SMU_1919,0.948689434
SMU_2075c,0.952271581
SMU_1002,0.955409849
SMU_1915,0.975936295
SMU_1602,0.976431529
SMU_1703c,0.978140566
SMU_1498,0.983668661
SMU_1905c,0.985692163
SMU_597,0.987368327
SMU_662,0.991693325
SMU_1087,0.998383535
SMU_1474c,1
SMU_1573,1
SMU_1616c,1
SMU_1626,1
SMU_2001,1
SMU_285,1
SMU_551,1
SMU_1899,1.007735649
SMU_702c,1.008423154
SMU_1910c,1.008662549
SMU_1908c,1.040840361
SMU_214c,1.048326908
SMU_1619c,1.060246542
SMU_1237c,1.062248441
SMU_1912c,1.067714319
SMU_2038,1.073328779
SMU_599,1.074767768
SMU_1693,1.080487034
SMU_136c,1.085688464
SMU_107,1.087462841
SMU_1185,1.090618113
SMU_1636c,1.102008512
SMU_1579,1.112372049
SMU_616,1.136933884
SMU_581,1.189270351
SMU_1402c,1.191784435
SMU_1391c,1.205184274
SMU_1435c,1.221870028
SMU_1954,1.222392421
SMU_1902c,1.225066556
SMU_1617,1.226169112
SMU_1113,1.233967392
SMU_1694c,1.235495301
SMU_627,1.236754361
SMU_270,1.246138383
SMU_271,1.247346403
SMU_225c,1.275107238
SMU_336,1.276200821
SMU_481,1.321928095
SMU_1913c,1.326111338
SMU_661,1.337581359
SMU_1718,1.340228912
SMU_456,1.378511623
SMU_750c,1.406708515
SMU_922,1.425877078
SMU_2006,1.488747185
SMU_1907,1.519179082
SMU_2152c,1.519648937
SMU_1776c,1.546638812
SMU_2098,1.568474378
SMU_1236c,1.570517156
SMU_02,1.584962501
SMU_1326,1.584962501
SMU_418,1.584962501
SMU_411c,1.586399448
SMU_75,1.595788903
SMU_21,1.611299105
SMU_1444c,1.621556171
SMU_1638c,1.651765871
SMU_1279c,1.674107125
SMU_1743,1.678071905
SMU_193c,1.732212064
SMU_13,1.788495895
SMU_t52,1.809918195
SMU_870,1.826688357
SMU_390,1.831400396
SMU_450,1.864138145
SMU_1152c,1.900626345
SMU_1154c,1.92428934
SMU_1051,2
SMU_458,2.077167861
SMU_1180,2.086565475
SMU_49,2.089476409
SMU_1687,2.263034406
SMU_20,2.301102945
SMU_2124,2.397774544
SMU_2158c,2.599912842
SMU_1731,2.657112286
SMU_24,2.752072487
SMU_357,2.807354922
SMU_826,2.840395184
SMU_2138,2.873952671
SMU_972,3.128405732
SMU_1922,3.584962501
SMU_07,#NUM!
SMU_1000,#NUM!
SMU_1075,#NUM!
SMU_1083c,#NUM!
SMU_1085,#NUM!
SMU_1115,#DIV/0!
SMU_1134c,#NUM!
SMU_1138,#NUM!
SMU_1191,#NUM!
SMU_1201c,#DIV/0!
SMU_1247,#NUM!
SMU_1298,#NUM!
SMU_1325,#NUM!
SMU_1347c,#DIV/0!
SMU_1348c,#DIV/0!
SMU_1366c,#DIV/0!
SMU_1379,#DIV/0!
SMU_1380,#DIV/0!
SMU_1407c,#DIV/0!
SMU_1408c,#DIV/0!
SMU_1457,#DIV/0!
SMU_1460,#DIV/0!
SMU_1461,#DIV/0!
SMU_1464c,#NUM!
SMU_1465c,#NUM!
SMU_1496,#NUM!
SMU_1505c,#DIV/0!
SMU_1512,#DIV/0!
SMU_1528,#DIV/0!
SMU_1532,#NUM!
SMU_1534,#NUM!
SMU_154,#NUM!
SMU_1581,#NUM!
SMU_1625,#DIV/0!
SMU_1627,#DIV/0!
SMU_1689,#NUM!
SMU_170,#NUM!
SMU_1737,#NUM!
SMU_1738,#DIV/0!
SMU_18,#DIV/0!
SMU_1821c,#DIV/0!
SMU_1834,#NUM!
SMU_1836,#DIV/0!
SMU_1858,#NUM!
SMU_1859,#DIV/0!
SMU_1860,#DIV/0!
SMU_1893c,#DIV/0!
SMU_1894c,#DIV/0!
SMU_1921,#NUM!
SMU_1948,#DIV/0!
SMU_2003,#NUM!
SMU_2003a,#NUM!
SMU_2004,#NUM!
SMU_2007,#NUM!
SMU_2008,#NUM!
SMU_2010,#NUM!
SMU_2012,#DIV/0!
SMU_2014,#DIV/0!
SMU_2015,#NUM!
SMU_2016,#DIV/0!
SMU_2017,#NUM!
SMU_2018,#DIV/0!
SMU_2019,#NUM!
SMU_2020,#DIV/0!
SMU_2023c,#DIV/0!
SMU_2024c,#NUM!
SMU_2025,#DIV/0!
SMU_2026c,#NUM!
SMU_2031,#DIV/0!
SMU_2032,#NUM!
SMU_2093,#NUM!
SMU_2151,#DIV/0!
SMU_2166,#DIV/0!
SMU_22,#DIV/0!
SMU_247,#NUM!
SMU_250,#NUM!
SMU_322c,#DIV/0!
SMU_323,#DIV/0!
SMU_340,#NUM!
SMU_358,#DIV/0!
SMU_360,#NUM!
SMU_361,#NUM!
SMU_415,#DIV/0!
SMU_420,#NUM!
SMU_436c,#DIV/0!
SMU_437c,#DIV/0!
SMU_445,#DIV/0!
SMU_471,#NUM!
SMU_517,#NUM!
SMU_565c,#DIV/0!
SMU_566c,#DIV/0!
SMU_584,#NUM!
SMU_596,#DIV/0!
SMU_667,#DIV/0!
SMU_697,#NUM!
SMU_699,#NUM!
SMU_714,#DIV/0!
SMU_715,#DIV/0!
SMU_738,#DIV/0!
SMU_766,#DIV/0!
SMU_767,#DIV/0!
SMU_773c,#DIV/0!
SMU_779,#NUM!
SMU_785,#NUM!
SMU_81,#NUM!
SMU_822,#DIV/0!
SMU_824,#NUM!
SMU_846,#NUM!
SMU_849,#DIV/0!
SMU_865,#NUM!
SMU_947,#DIV/0!
SMU_950,#DIV/0!
SMU_957,#DIV/0!
SMU_958,#NUM!
SMU_959c,#DIV/0!
SMU_960,#DIV/0!
SMU_969,#NUM!
SMU_99,#DIV/0!
SMU_r01,#DIV/0!
SMU_r02,#DIV/0!
SMU_r03,#DIV/0!
SMU_r04,#DIV/0!
SMU_r05,#DIV/0!
SMU_r06,#DIV/0!
SMU_r07,#DIV/0!
SMU_r08,#DIV/0!
SMU_r09,#DIV/0!
SMU_r10,#DIV/0!
SMU_r11,#DIV/0!
SMU_r12,#DIV/0!
SMU_r13,#DIV/0!
SMU_r14,#DIV/0!
SMU_r15,#DIV/0!
SMU_t01,#DIV/0!
SMU_t02,#DIV/0!
SMU_t03,#DIV/0!
SMU_t04,#DIV/0!
SMU_t05,#DIV/0!
SMU_t06,#DIV/0!
SMU_t07,#DIV/0!
SMU_t08,#DIV/0!
SMU_t09,#DIV/0!
SMU_t10,#DIV/0!
SMU_t11,#DIV/0!
SMU_t12,#DIV/0!
SMU_t13,#DIV/0!
SMU_t14,#DIV/0!
SMU_t15,#DIV/0!
SMU_t16,#DIV/0!
SMU_t17,#DIV/0!
SMU_t19,#DIV/0!
SMU_t21,#DIV/0!
SMU_t22,#DIV/0!
SMU_t23,#DIV/0!
SMU_t24,#DIV/0!
SMU_t28,#DIV/0!
SMU_t31,#DIV/0!
SMU_t33,#NUM!
SMU_t35,#DIV/0!
SMU_t38,#DIV/0!
SMU_t39,#DIV/0!
SMU_t41,#DIV/0!
SMU_t42,#DIV/0!
SMU_t43,#DIV/0!
SMU_t44,#DIV/0!
SMU_t45,#DIV/0!
SMU_t46,#DIV/0!
SMU_t47,#DIV/0!
SMU_t48,#DIV/0!
SMU_t49,#DIV/0!
SMU_t50,#DIV/0!
SMU_t53,#DIV/0!
SMU_t54,#DIV/0!
SMU_t55,#DIV/0!
SMU_t56,#DIV/0!
SMU_t57,#DIV/0!
SMU_t58,#DIV/0!
SMU_t59,#DIV/0!
SMU_t60,#DIV/0!
SMU_t61,#DIV/0!