gene,log2FoldChange,pvalue,
SMU_507,4.563354228,1.3385E-285,
SMU_508,4.561636947,1.3385E-285,
SMU_137,3.995807973,3.1456E-211,
SMU_139,3.796656116,2.0238E-172,
SMU_141,3.783356111,2.5974E-117,
SMU_138,3.783222133,1.9929E-173,
SMU_529,3.544128191,2.32904E-08,
SMU_140,3.533557436,7.166E-141,
SMU_1498,3.108465739,1.42326E-95,
SMU_2027,3.08108524,1.7194E-131,
SMU_629,2.893042885,5.5445E-209,
SMU_924,2.479001675,4.9209E-125,
SMU_528c,2.448413385,3.52443E-59,
SMU_2057c,2.444575586,1.32149E-89,
SMU_1296,2.42996245,5.8742E-137,
SMU_664,2.415973454,4.12801E-71,
SMU_663,2.407878032,4.19787E-55,
SMU_765,2.298559317,5.6492E-108,
SMU_1981c,2.293659847,2.29424E-11,
SMU_1980c,2.28896117,3.90058E-12,
SMU_1869,2.284445148,2.686E-144,
SMU_665,2.239668191,9.26863E-38,
SMU_262,2.21098444,2.92792E-60,
SMU_764,2.182254018,5.12559E-83,
SMU_1957,2.162479927,2.16808E-79,
SMU_1958c,2.147875615,3.61634E-70,
SMU_263,2.129485754,1.28415E-51,
SMU_1867c,2.119499073,6.20872E-77,
SMU_1956c,2.065517699,1.93359E-41,
SMU_1760c,2.020251684,1.30149E-62,
SMU_871,1.990075998,7.04738E-84,
SMU_200c,1.981517833,4.40017E-09,
SMU_1982c,1.95906882,5.18331E-09,
SMU_1763c,1.940563968,2.60432E-40,
SMU_527,1.930364022,7.36827E-83,
SMU_1752c,1.930080495,2.15439E-36,
SMU_1895c,1.928717246,7.36347E-25,
SMU_205c,1.913386284,1.21697E-08,
SMU_1754c,1.913186438,4.77481E-34,
SMU_2147c,1.900662595,3.20433E-98,
SMU_1764c,1.899574872,6.78434E-75,
SMU_1762c,1.876751263,5.67995E-30,
SMU_872,1.872812523,4.62988E-63,
SMU_540,1.869050236,1.29938E-76,
SMU_1492,1.85407125,8.71501E-09,
SMU_41,1.82977562,0.070703773,
SMU_1702c,1.823684926,3.22791E-47,
SMU_654,1.811439952,8.22739E-15,
SMU_204c,1.798183653,3.46768E-07,
SMU_202c,1.795213605,2.30963E-11,
SMU_1761c,1.791903575,2.98968E-38,
SMU_1703c,1.78434094,2.0253E-64,
SMU_1758c,1.780940355,3.03125E-36,
SMU_1603,1.775417834,4.49619E-25,
SMU_1757c,1.771812312,4.95023E-29,
SMU_1961c,1.77130462,1.90567E-22,
SMU_119,1.744689919,1.78845E-42,
SMU_264,1.736602059,2.05093E-48,
SMU_215c,1.717860824,3.16073E-05,
SMU_1496,1.712000057,2.05032E-08,
SMU_1755c,1.697778844,1.66477E-23,
SMU_1657c,1.682068762,1.23007E-13,
SMU_1063,1.679607654,6.12404E-83,
SMU_313,1.67775778,1.02284E-18,
SMU_870,1.677196533,8.92287E-75,
SMU_275,1.664243868,7.2009E-43,
SMU_261c,1.645021081,4.41966E-18,
SMU_1561,1.643357381,9.20093E-47,
SMU_1479,1.643169483,1.89796E-22,
SMU_1945,1.607565515,1.11628E-44,
SMU_118c,1.605573915,7.44015E-31,
SMU_1495,1.590264608,3.10298E-10,
SMU_1753c,1.589557695,5.4861E-21,
SMU_1494,1.588609805,6.25323E-12,
SMU_1960c,1.57811125,7.33277E-26,
SMU_1475c,1.573777988,4.81103E-35,
SMU_1062,1.567342908,2.66476E-71,
SMU_666,1.539505708,3.8919E-44,
SMU_738,1.538950792,2.89067E-14,
SMU_1562,1.526378525,1.20124E-41,
SMU_213c,1.52298629,0.000162711,
SMU_656,1.512282643,8.99267E-07,
SMU_739c,1.510612329,6.27002E-35,
SMU_838,1.505196222,3.84076E-36,
SMU_1030,1.495756411,0.000120548,
SMU_757,1.494250109,1.30219E-39,
SMU_679,1.4931744,7.88248E-30,
SMU_1681c,1.489190752,2.8594E-31,
SMU_509,1.485973657,1.22554E-37,
SMU_2028,1.48400969,9.48087E-64,
SMU_1897,1.483125648,6.10253E-19,
SMU_1723c,1.481537165,6.00053E-40,
SMU_206c,1.478646976,2.25775E-05,
SMU_1476c,1.474878367,1.54152E-57,
SMU_1116c,1.472052231,2.42337E-39,
SMU_1680c,1.470611491,1.78618E-37,
SMU_644,1.469740635,2.56035E-15,
SMU_1898,1.46874711,4.42599E-24,
SMU_746c,1.463442098,8.85479E-60,
SMU_335,1.455847059,9.55023E-34,
SMU_737,1.451924512,1.01828E-33,
SMU_642,1.446883584,1.71798E-08,
SMU_1068c,1.446080749,1.25351E-33,
SMU_562,1.437375814,2.75507E-57,
SMU_1988c,1.427135855,6.22738E-17,
SMU_1117,1.420677339,3.58836E-43,
SMU_298,1.414682338,1.64973E-47,
SMU_1969c,1.414249267,2.10785E-11,
SMU_329,1.410314173,1.38642E-52,
SMU_314,1.400084784,1.32723E-15,
SMU_610,1.39847764,2.06036E-50,
SMU_113,1.394370637,7.17887E-12,
SMU_1187,1.393388985,2.20329E-49,
SMU_131,1.393127707,2.20274E-55,
SMU_1700c,1.392488191,4.01254E-18,
SMU_1322,1.392318818,1.66129E-36,
SMU_1563,1.387479319,9.06111E-25,
SMU_1487,1.386678296,4.95563E-13,
SMU_1493,1.385239583,1.0078E-10,
SMU_1750c,1.372749361,6.00264E-29,
SMU_755,1.371636933,6.17759E-52,
SMU_216c,1.371013268,0.001389465,
SMU_1814,1.368210788,1.22915E-51,
SMU_1815,1.366854245,2.14044E-25,
SMU_2079c,1.366322913,1.31223E-27,
SMU_312,1.363624347,4.94488E-21,
SMU_641,1.363060583,5.40843E-29,
SMU_328,1.362673263,2.96933E-37,
SMU_1900,1.356792924,1.50859E-20,
SMU_196c,1.348441403,1.40725E-11,
SMU_1854,1.346653311,1.70942E-30,
SMU_704c,1.346188169,1.62822E-27,
SMU_217c,1.342371452,0.001393483,
SMU_735,1.33884103,6.06538E-10,
SMU_754,1.335289954,1.24946E-43,
SMU_643,1.332282122,2.79608E-26,
SMU_1474c,1.33212311,1.97421E-33,
SMU_655,1.32507689,0.000180848,
SMU_1396,1.322304482,1.33286E-36,
SMU_299c,1.319058071,5.27903E-17,
SMU_463,1.314221399,5.11089E-37,
SMU_209c,1.30836868,2.08823E-06,
SMU_211c,1.308000607,3.71559E-07,
SMU_667,1.306763214,3.7474E-49,
SMU_249,1.305777685,2.43517E-51,
SMU_2084c,1.30017323,1.07385E-29,
SMU_1070c,1.299976137,1.19722E-12,
SMU_267c,1.292822102,1.5503E-46,
SMU_2077c,1.284922002,6.40692E-17,
SMU_1047c,1.283559886,5.57393E-20,
SMU_753,1.283032376,7.72772E-29,
SMU_1256c,1.277560084,7.94283E-14,
SMU_130,1.271901463,3.55361E-38,
SMU_1725,1.269838343,8.7817E-11,
SMU_1679c,1.269382448,7.85752E-35,
SMU_214c,1.2684183,0.00391234,
SMU_1946,1.264289427,5.08994E-38,
SMU_1058,1.263610145,2.34509E-35,
SMU_334,1.259660162,2.06818E-17,
SMU_1984,1.259351296,2.19981E-06,
SMU_991,1.258668577,2.45653E-36,
SMU_2080,1.25180324,1.88386E-13,
SMU_910,1.244421062,1.05966E-40,
SMU_1865,1.242921952,5.6493E-21,
SMU_1813,1.240601514,1.41693E-16,
SMU_942,1.233808431,5.6205E-38,
SMU_2096c,1.230400285,1.22384E-08,
SMU_1297,1.223777262,3.38915E-29,
SMU_1437,1.219795515,1.24014E-35,
SMU_680,1.218890192,2.89234E-11,
SMU_248,1.218035618,1.73273E-28,
SMU_1061,1.217704475,3.49416E-22,
SMU_943c,1.217264667,7.19558E-40,
SMU_404c,1.215433683,3.20587E-22,
SMU_198c,1.210218769,2.98871E-14,
SMU_678,1.210037168,3.4102E-18,
SMU_646,1.209432485,5.45655E-22,
SMU_676,1.199108863,3.89621E-35,
SMU_199c,1.198366277,2.82752E-05,
SMU_1069c,1.198226052,1.53084E-13,
SMU_212c,1.197520934,0.007574139,
SMU_1602,1.192042886,1.68734E-25,
SMU_1649,1.189620108,2.39631E-20,
SMU_657,1.182850329,5.04782E-06,
SMU_2036,1.18262624,2.08747E-26,
SMU_2085,1.182296845,4.18396E-45,
SMU_265,1.175886567,1.34997E-24,
SMU_274,1.173046158,7.36458E-17,
SMU_1260c,1.168995765,2.24163E-06,
SMU_864,1.165613076,7.38981E-33,
SMU_2081,1.164963062,1.48245E-15,
SMU_403,1.159620639,1.8297E-29,
SMU_1850,1.157770344,9.17307E-32,
SMU_188c,1.152083101,7.47995E-33,
SMU_210c,1.151897574,3.81372E-06,
SMU_925,1.149858368,5.93338E-26,
SMU_1894c,1.147411376,0.037541283,
SMU_681,1.141309596,1.2196E-09,
SMU_1067c,1.134437554,1.54034E-22,
SMU_2118,1.133103884,1.92382E-30,
SMU_940c,1.132755383,2.35007E-27,
SMU_2092c,1.132485901,1.50368E-19,
SMU_1489,1.132000512,9.52497E-11,
SMU_1438c,1.131369395,1.40876E-17,
SMU_840c,1.130197531,7.23481E-17,
SMU_1060,1.129587537,1.53673E-29,
SMU_956,1.127798613,1.02476E-27,
SMU_672,1.121238119,1.71748E-23,
SMU_201c,1.119235214,2.83219E-05,
SMU_2117,1.115275795,4.25444E-26,
SMU_273,1.110170567,3.07381E-17,
SMU_1849,1.10992267,6.2636E-24,
SMU_2146c,1.09797434,6.65373E-28,
SMU_668c,1.092530384,1.39065E-38,
SMU_197c,1.091837758,2.15179E-12,
SMU_747c,1.087755216,7.37641E-35,
SMU_251,1.083857155,1.82485E-38,
SMU_1252,1.082918707,1.73751E-17,
SMU_1658,1.077957552,3.96286E-08,
SMU_593,1.076636714,6.17848E-14,
SMU_1044c,1.073023906,7.89699E-31,
SMU_2119,1.069535794,7.75484E-28,
SMU_1488c,1.06893628,1.80331E-06,
SMU_1613c,1.06008637,8.82528E-16,
SMU_2116,1.05093202,1.56471E-29,
SMU_1057,1.050060334,1.41617E-11,
SMU_1473c,1.048838917,1.80506E-27,
SMU_1295,1.047628549,8.91898E-19,
SMU_2094c,1.047199988,1.07079E-10,
SMU_1701c,1.047015399,2.81298E-10,
SMU_560c,1.041415157,2.9322E-24,
SMU_671,1.040699918,8.77397E-22,
SMU_272,1.035610115,2.14316E-13,
SMU_1257c,1.033927879,5.72476E-29,
SMU_811,1.033714311,8.3272E-09,
SMU_1412c,1.033469228,2.6079E-30,
SMU_728,1.025964207,1.48266E-14,
SMU_1046c,1.025892926,6.21197E-28,
SMU_1851,1.025706442,1.12226E-31,
SMU_311,1.024664655,1.01242E-09,
SMU_1823,1.021488449,7.76075E-25,
SMU_582,1.020034984,7.97071E-21,
SMU_1294,1.018137783,2.07487E-13,
SMU_863,1.016348001,1.75619E-22,
SMU_677,1.014522679,8.9907E-07,
SMU_1436c,1.013258442,1.82789E-20,
SMU_1616c,1.011687171,5.76137E-16,
SMU_208c,1.010422535,3.58607E-07,
SMU_250,1.009168841,1.08141E-21,
SMU_1916,1.005702742,5.17439E-19,
SMU_563,1.002523475,7.3482E-07,
SMU_1722c,0.999682053,3.45859E-29,
SMU_271,0.999352524,1.51511E-13,
SMU_756,0.999259793,6.7903E-12,
SMU_1071c,0.994205207,1.26172E-14,
SMU_512c,0.992417468,2.30185E-12,
SMU_1237c,0.989698245,9.68125E-08,
SMU_1560,0.987281937,2.3749E-09,
SMU_1812,0.98626658,1.22487E-21,
SMU_1788c,0.985011991,3.10705E-16,
SMU_1648c,0.981738135,7.846E-05,
SMU_600c,0.979591097,4.78183E-11,
SMU_1855,0.979242334,1.26156E-12,
SMU_260,0.976840586,9.70996E-15,
SMU_247,0.976466994,4.99983E-25,
SMU_297,0.976238048,4.02523E-19,
SMU_1985,0.975896764,9.53835E-05,
SMU_1620,0.975466739,2.68761E-25,
SMU_1614,0.975373164,6.52197E-17,
SMU_1678,0.973972625,6.40697E-21,
SMU_583,0.968949072,4.03911E-17,
SMU_1432c,0.967752847,1.07164E-24,
SMU_1253c,0.967558496,9.05407E-09,
SMU_1889c,0.963550667,5.52029E-07,
SMU_725c,0.962972536,2.36039E-19,
SMU_513,0.959617372,4.65439E-06,
SMU_309,0.958111662,9.41767E-13,
SMU_1074,0.957540204,5.04979E-19,
SMU_2083c,0.95646878,2.96676E-22,
SMU_310,0.953669193,1.56378E-08,
SMU_2078c,0.951212321,2.56306E-22,
SMU_1235,0.950467339,3.12873E-11,
SMU_124,0.946691908,1.43148E-08,
SMU_944,0.946184407,6.52638E-21,
SMU_175,0.938457066,0.003384595,
SMU_1434c,0.93686078,1.00059E-20,
SMU_207c,0.929324423,2.52358E-05,
SMU_1987,0.928505916,6.64879E-05,
SMU_1031,0.925682709,0.039754883,
SMU_470,0.923648516,8.52658E-06,
SMU_946,0.910359661,2.14418E-15,
SMU_581,0.905572812,9.92095E-08,
SMU_1424,0.902468317,0.000166326,
SMU_947,0.902432848,2.37425E-15,
SMU_187c,0.899950717,2.95378E-13,
SMU_1149,0.894781236,1.08115E-05,
SMU_1967,0.894409158,1.53056E-08,
SMU_580,0.894240844,5.50098E-22,
SMU_114,0.893074201,1.30612E-07,
SMU_572,0.887096185,1.01501E-14,
SMU_385,0.885496734,4.37669E-11,
SMU_1004,0.88455793,8.62925E-18,
SMU_1261c,0.878270003,1.72779E-07,
SMU_645,0.877555739,1.19308E-15,
SMU_673,0.877477614,4.69365E-14,
SMU_748,0.875891877,4.5552E-14,
SMU_28,0.875454898,1.75129E-05,
SMU_1612c,0.874418615,4.40601E-15,
SMU_129,0.872009246,5.63828E-19,
SMU_1175,0.871198011,2.74566E-08,
SMU_530c,0.871096177,3.86364E-20,
SMU_1996,0.870756942,1.59825E-13,
SMU_1983,0.865524733,0.001556425,
SMU_2137c,0.865091476,2.66287E-10,
SMU_1264,0.860497849,1.6149E-11,
SMU_1917,0.858908188,2.55913E-14,
SMU_1203,0.856235912,2.41273E-11,
SMU_472,0.853890824,3.33938E-20,
SMU_813,0.849813669,1.29078E-09,
SMU_862,0.847444329,1.75199E-19,
SMU_2056,0.845352516,1.19906E-11,
SMU_927,0.842645745,2.52264E-12,
SMU_386,0.842349883,1.39492E-10,
SMU_424,0.836319354,5.43216E-07,1.785489134
SMU_669c,0.834248277,2.27746E-13,
SMU_145,0.832404346,3.25608E-09,
SMU_1883,0.831714127,5.48114E-13,
SMU_2155,0.830798856,1.43399E-06,
SMU_1856c,0.827484055,5.95589E-19,
SMU_766,0.826568685,0.096765647,
SMU_1395c,0.826549255,0.021481955,
SMU_670,0.825888194,1.96286E-15,
SMU_526c,0.825366007,3.62762E-05,
SMU_1263,0.822922775,3.92521E-09,
SMU_1525,0.822876243,7.30918E-15,
SMU_1650,0.822689634,8.52765E-08,
SMU_1143c,0.820521281,1.88353E-16,
SMU_634,0.818953725,1.74083E-15,
SMU_1619c,0.81843499,2.15285E-13,
SMU_427,0.816385275,1.23007E-06,1.76098824
SMU_1875,0.809250185,2.24282E-18,
SMU_1490,0.80914595,5.61241E-07,
SMU_1409c,0.805468524,1.2184E-06,
SMU_1824c,0.805320923,2.1919E-19,
SMU_125,0.798282885,6.99553E-12,
SMU_1968c,0.794600586,4.93664E-07,
SMU_387,0.794195825,9.07935E-12,
SMU_640c,0.79213356,1.68696E-14,
SMU_602,0.790611104,2.94255E-09,
SMU_1454c,0.789517069,2.01527E-13,
SMU_1491,0.789509843,7.05002E-06,
SMU_635,0.788587968,2.9799E-12,
SMU_986c,0.787677031,5.65208E-06,
SMU_1435c,0.783679425,0.000296436,
SMU_1193,0.782874632,9.96831E-13,
SMU_844,0.781840066,1.00788E-10,
SMU_1272,0.778711874,1.25378E-10,
SMU_1271,0.777108087,1.4112E-07,
SMU_948,0.771349212,3.74589E-05,
SMU_1075,0.770781404,4.323E-10,
SMU_1050,0.767556527,1.70548E-13,
SMU_1585c,0.765488716,3.98469E-09,
SMU_1515,0.76269042,4.42369E-17,
SMU_1664c,0.759635139,2.66659E-13,
SMU_1442c,0.753570179,2.24298E-12,
SMU_1578,0.751770252,1.99994E-10,
SMU_323,0.75150624,1.02738E-13,
SMU_2061,0.748394301,1.99287E-10,
SMU_1265,0.74203706,2.77554E-10,
SMU_1048,0.739015986,1.76251E-06,
SMU_1949,0.738636238,3.95753E-14,
SMU_628,0.736915974,3.04822E-08,
SMU_1699c,0.733195142,1.98803E-08,
SMU_1541,0.731722415,2.37239E-15,
SMU_1665,0.728714512,1.02708E-16,
SMU_837,0.728105478,7.05176E-08,
SMU_1236c,0.725217292,1.44085E-08,
SMU_984,0.724652995,1.08394E-07,
SMU_1045c,0.720583123,5.03213E-13,
SMU_639,0.71931887,2.28773E-09,
SMU_589,0.71904125,3.67136E-12,
SMU_1255c,0.716053997,0.000191313,
SMU_1169c,0.715542158,1.62866E-10,
SMU_384,0.714557416,1.77628E-05,
SMU_381c,0.714049638,4.43645E-13,
SMU_584,0.708748732,2.98499E-09,
SMU_809,0.708522891,7.01297E-11,
SMU_143c,0.708470123,3.69095E-08,
SMU_1666,0.707644486,5.14529E-15,
SMU_350,0.702796555,2.19759E-07,
SMU_1266,0.701296774,5.51679E-08,
SMU_1270,0.701291204,3.5537E-09,
SMU_1615c,0.701223823,1.35515E-10,
SMU_769,0.700071092,1.09569E-08,
SMU_1091,0.697836635,5.65154E-15,
SMU_1273,0.696288018,4.26332E-09,
SMU_926,0.695429388,2.84493E-11,
SMU_647,0.692781133,6.89562E-11,
SMU_658,0.691349667,0.000206231,
SMU_1251,0.690550404,4.22873E-06,
SMU_110,0.684861858,7.33535E-05,
SMU_586,0.680525858,9.37381E-14,
SMU_1455,0.680236994,7.92518E-06,
SMU_1008,0.678967748,1.59838E-08,
SMU_1517,0.678959236,2.168E-13,
SMU_1349,0.678253176,2.35908E-05,
SMU_724,0.676652978,8.29461E-07,
SMU_1268,0.672516238,1.49288E-06,
SMU_1882c,0.671942244,9.73696E-09,
SMU_2154c,0.67032733,0.000122829,
SMU_1670c,0.667713906,6.97561E-06,
SMU_1453c,0.667279731,1.94818E-10,
SMU_855,0.665817598,5.58361E-11,
SMU_1104c,0.664682067,1.26631E-05,
SMU_349,0.661951147,3.87666E-07,
SMU_1132,0.661897746,2.31709E-15,
SMU_1269,0.66039825,7.17761E-07,
SMU_992,0.659721424,1.79516E-07,
SMU_1423,0.657062818,0.001300309,
SMU_1250c,0.656373299,0.008196647,
SMU_949,0.656206096,2.9424E-14,
SMU_2104,0.651249061,4.03476E-13,
SMU_941c,0.6445946,8.22586E-08,
SMU_228,0.643074995,4.42289E-07,
SMU_1086,0.642664266,2.12342E-12,
SMU_426,0.642375582,9.40115E-09,1.560897261
SMU_1617,0.642049209,1.03329E-09,
SMU_1697c,0.64081507,4.87573E-08,
SMU_116,0.637292892,0.000110725,
SMU_2042,0.636647647,7.48464E-12,
SMU_929c,0.635101977,0.00012084,
SMU_236c,0.632568382,2.81069E-06,
SMU_308,0.631816971,0.00018842,
SMU_2115,0.630418173,0.000155465,
SMU_1037c,0.629332445,3.34595E-08,
SMU_1840,0.628648583,4.3117E-13,
SMU_193c,0.62753303,0.121647444,
SMU_1258c,0.627384848,0.005491194,
SMU_1991,0.627058704,1.12347E-12,
SMU_1196c,0.626813044,1.5482E-06,
SMU_662,0.626772446,1.1056E-06,
SMU_561c,0.625380654,7.57094E-07,
SMU_490,0.624779895,9.12436E-07,
SMU_498,0.621105769,0.01031972,
SMU_630,0.620935765,4.65754E-09,
SMU_05,0.620878416,0.003881338,
SMU_1451,0.620675988,9.39686E-09,
SMU_741,0.620560577,1.82144E-08,
SMU_1822,0.620447621,2.36112E-11,
SMU_993,0.618063494,3.36258E-09,
SMU_719c,0.616805604,1.14919E-09,
SMU_814,0.616115411,2.79941E-07,
SMU_412c,0.615175851,3.07575E-07,
SMU_1677,0.614843317,9.64297E-12,
SMU_1194,0.614813598,7.81183E-07,
SMU_875c,0.614242638,0.038050849,
SMU_587,0.614221544,1.38681E-09,
SMU_176,0.611448735,0.045972407,
SMU_1551c,0.611067731,0.002818904,
SMU_1618,0.611028766,7.97027E-07,
SMU_2153c,0.610931091,0.000155384,
SMU_1040c,0.606206616,7.7438E-06,
SMU_1874,0.604927963,8.85838E-08,
SMU_1915,0.603905617,0.003160248,
SMU_1106c,0.601679213,3.6465E-06,
SMU_1724c,0.598601956,5.58272E-07,
SMU_585,0.59818806,5.09811E-12,
SMU_515,0.596924497,0.000239437,
SMU_852,0.596065266,4.52472E-09,
SMU_1144,0.595427334,2.36127E-06,
SMU_950,0.59436828,5.94518E-09,
SMU_930c,0.592899369,2.07966E-07,
SMU_1558c,0.592287119,5.93696E-06,
SMU_1695,0.591997256,2.03982E-06,
SMU_453,0.591628882,9.66865E-11,
SMU_1035,0.590609183,0.000689772,
SMU_2091c,0.589678305,2.15243E-11,
SMU_234,0.587945093,4.2284E-11,
SMU_874,0.5875812,0.000108617,
SMU_952,0.583661351,2.06578E-07,
SMU_222c,0.58154564,0.000298179,
SMU_1148,0.581225597,0.002159441,
SMU_411c,0.580162328,0.000126791,
SMU_2089,0.580059946,9.78407E-11,
SMU_1839,0.574327163,8.11541E-11,
SMU_791c,0.570922299,0.068309731,
SMU_1542c,0.56903556,2.23892E-09,
SMU_128,0.568058688,1.07806E-07,
SMU_1059,0.568008404,0.000150975,
SMU_1582c,0.566133059,5.78976E-06,
SMU_1218,0.564933356,1.75722E-05,
SMU_1672,0.563751291,1.83702E-08,
SMU_1971c,0.561659845,0.00044925,
SMU_1102,0.557114832,2.93695E-07,
SMU_2093,0.556777275,0.001335147,
SMU_695,0.555867347,1.88788E-07,
SMU_1189c,0.555697061,1.40666E-05,
SMU_1093,0.554668781,0.000226059,
SMU_1927,0.554567406,1.43112E-06,
SMU_1581,0.552592907,6.42884E-08,
SMU_1790c,0.552422916,1.76163E-05,
SMU_807,0.549928022,6.49798E-05,
SMU_2120c,0.548720412,4.24363E-05,
SMU_742,0.54735132,1.17162E-07,
SMU_1170,0.547148813,3.54479E-06,
SMU_322c,0.542347654,1.28977E-08,
SMU_1267c,0.541714459,0.000474481,
SMU_1029,0.541213195,0.151097625,
SMU_409,0.538976704,6.05383E-08,
SMU_246,0.538962787,7.94403E-10,
SMU_709,0.537533165,1.19449E-07,
SMU_473,0.537168616,4.90188E-09,
SMU_1452,0.536650654,2.64309E-07,
SMU_422,0.534352525,2.36483E-06,
SMU_727,0.534103161,0.022859931,
SMU_1826,0.53193243,1.40116E-08,
SMU_911c,0.531792344,2.06612E-05,
SMU_1146c,0.529483056,0.001647452,
SMU_1663,0.526017845,4.12375E-06,
SMU_1197,0.52524566,0.000224655,
SMU_1428c,0.525177209,1.12974E-07,
SMU_2060,0.524315806,1.17813E-08,
SMU_1168,0.518573099,8.49448E-06,
SMU_597,0.518443815,2.01736E-10,
SMU_348,0.516158695,8.35058E-06,
SMU_1667,0.514879797,5.7803E-09,
SMU_775c,0.51473964,5.81719E-08,
SMU_789,0.512652372,4.36942E-08,
SMU_1456c,0.511935331,0.083483833,
SMU_1227,0.511323975,4.65163E-07,
SMU_383c,0.510233582,0.010128082,
SMU_1733c,0.509464825,3.28542E-07,
SMU_873,0.509306226,0.00282837,
SMU_853,0.509238208,9.15491E-05,
SMU_1392c,0.507944663,0.000238811,
SMU_1105c,0.506901257,0.000314436,
SMU_696,0.499980289,6.84407E-08,
SMU_195c,0.499259896,0.070242725,
SMU_157,0.497652594,4.55851E-05,
SMU_1576c,0.495868547,0.000275088,
SMU_890,0.493322374,0.000248055,
SMU_638,0.491722988,7.05782E-05,
SMU_1819,0.489340725,3.04724E-07,
SMU_1038c,0.48790149,1.46328E-05,
SMU_1543,0.48785386,8.75105E-07,
SMU_123,0.486986687,2.58703E-08,
SMU_928,0.486924795,5.89363E-06,
SMU_2138,0.486346471,3.5797E-08,
SMU_1166c,0.485389151,7.1709E-05,
SMU_548,0.48470127,1.3709E-07,
SMU_1195,0.484372142,2.63746E-06,
SMU_793,0.483035122,4.22306E-05,
SMU_304,0.482909404,0.000730016,
SMU_1818c,0.479564884,0.026249189,
SMU_1151c,0.477609579,8.50415E-06,
SMU_1621c,0.476392901,0.038714506,
SMU_1821c,0.472086223,0.000595505,
SMU_588,0.471884378,1.88496E-06,
SMU_1579,0.471329491,0.004765281,
SMU_1217c,0.470265771,0.000266288,
SMU_1556,0.466709714,7.58356E-05,
SMU_2055,0.4662083,6.81284E-05,
SMU_1378,0.466097659,0.043776341,
SMU_1219c,0.465994204,0.002790046,
SMU_953c,0.464753761,7.87746E-05,
SMU_743,0.464422191,4.31689E-06,
SMU_1254,0.463977586,9.91328E-05,
SMU_474,0.463902316,4.31905E-06,
SMU_1809,0.463378055,0.002374296,
SMU_499,0.461121842,0.053663657,
SMU_690,0.459535245,4.54213E-06,
SMU_1051,0.459376487,6.5837E-07,
SMU_1032,0.457285119,0.003324853,
SMU_1172c,0.454714942,4.6671E-06,
SMU_270,0.454170913,0.000683932,
SMU_1791c,0.45240477,0.000191327,
SMU_2054c,0.452137435,0.020771151,
SMU_1798c,0.451079798,1.89959E-05,
SMU_2143c,0.450665129,1.24897E-05,
SMU_631,0.449416328,0.00065359,
SMU_1108c,0.447493626,9.78484E-05,
SMU_1229,0.446253425,1.56085E-05,
SMU_1279c,0.444713973,2.44706E-07,
SMU_1516,0.44453681,3.61974E-07,
SMU_1557c,0.441560943,3.22286E-05,
SMU_1524c,0.441461537,0.044033621,
SMU_1972c,0.440560184,0.010817362,
SMU_38c,0.440027191,0.010741539,
SMU_1036,0.439504926,0.013235988,
SMU_1231c,0.438903402,0.000840927,
SMU_1622,0.438560481,0.002424738,
SMU_392c,0.437451226,0.000121929,
SMU_1419,0.436128109,0.000130712,
SMU_1820c,0.434140545,8.62723E-07,
SMU_1893c,0.433913269,0.289568615,
SMU_1802c,0.429096108,0.000431268,
SMU_1150,0.428701195,0.017913959,
SMU_1574c,0.427954561,0.000481799,
SMU_158,0.427606078,1.37261E-06,
SMU_1368,0.42480693,0.117561627,
SMU_847c,0.4241641,0.033952143,
SMU_1084,0.4220804,1.44E-06,
SMU_1645,0.421361372,2.1599E-06,
SMU_2150c,0.418010486,6.63205E-06,
SMU_465,0.417926809,6.97127E-06,
SMU_1083c,0.417509505,5.89124E-05,
SMU_889,0.415890178,1.87947E-06,
SMU_245,0.415700624,2.42193E-06,
SMU_1870,0.413460988,2.25486E-06,
SMU_1094,0.412898273,0.058966287,
SMU_1631,0.410794126,0.000700366,
SMU_1192,0.408819552,3.0906E-06,
SMU_661,0.408296387,0.011641016,
SMU_466,0.407197945,1.69322E-06,
SMU_694c,0.406723054,0.014303323,
SMU_1799,0.405066037,1.92168E-05,
SMU_1158c,0.404655676,0.002029014,
SMU_854,0.404490502,0.000102424,
SMU_221c,0.404383155,0.000341279,
SMU_482,0.403795768,0.000268148,
SMU_1443c,0.403715542,1.30777E-05,
SMU_237c,0.403176519,0.004643921,
SMU_1848,0.401282713,0.001532549,
SMU_1080c,0.400545525,4.32248E-05,
SMU_1188,0.398445375,0.000419589,
SMU_707c,0.398303402,5.73328E-05,
SMU_514,0.397502336,0.012247484,
SMU_1420,0.397351191,0.00034635,
SMU_1774c,0.397091412,0.015996067,
SMU_155,0.396618712,0.000129252,
SMU_194c,0.392994542,0.160949839,
SMU_1800c,0.392809897,0.000603216,
SMU_772,0.392672368,0.000612667,
SMU_40,0.392419867,0.499660324,
SMU_1693,0.391274807,3.51243E-06,
SMU_481,0.391210933,0.000624071,
SMU_1107c,0.390544404,0.001735613,
SMU_1500,0.387988299,3.2773E-05,
SMU_1449,0.387064048,0.00029231,
SMU_796,0.386748647,0.000511503,
SMU_1797c,0.385644938,0.002423826,
SMU_405c,0.383977664,0.005290631,
SMU_413,0.383546576,0.000191275,
SMU_2142,0.382619956,0.000895097,
SMU_1382,0.38237901,0.000209639,
SMU_74,0.382299251,0.003023464,
SMU_1782,0.381506612,0.000877682,
SMU_752,0.380589706,0.000223392,
SMU_1862,0.379778157,0.086729028,
SMU_1566,0.379505205,0.000887953,
SMU_475,0.376350112,3.71484E-05,
SMU_1421,0.376339331,0.028165777,
SMU_1293c,0.376305222,0.000307945,
SMU_1427c,0.374990732,2.42841E-05,
SMU_117c,0.37374116,0.016494777,
SMU_592c,0.372913158,0.17318918,
SMU_1477,0.371330769,0.001677322,
SMU_994,0.369085183,0.000643946,
SMU_841,0.367674602,0.000273216,
SMU_400,0.367297035,0.000485853,
SMU_1748,0.367251335,9.07926E-05,
SMU_1085,0.366775468,8.61192E-05,
SMU_2102,0.365345021,0.00012963,
SMU_1926,0.359243425,0.095506573,
SMU_1509,0.358459335,0.064329331,
SMU_1003,0.358365074,0.001701361,
SMU_1039c,0.357326484,0.001427187,
SMU_1228c,0.355116236,0.00045259,
SMU_1708,0.352327001,0.000169203,
SMU_751,0.351638054,3.87069E-05,
SMU_1552c,0.350344157,0.158030448,
SMU_516,0.350228691,0.005612496,
SMU_1835,0.348987578,0.000365983,
SMU_471,0.347326053,0.00039718,
SMU_353,0.346818446,0.001192596,
SMU_1838,0.3452982,0.00018818,
SMU_1369,0.344858686,0.247626711,
SMU_1925c,0.344847724,0.026311806,
SMU_626,0.344105341,0.071624355,
SMU_226c,0.343725716,0.000721218,
SMU_370,0.343522148,0.04549441,
SMU_2086,0.343032739,9.40126E-05,
SMU_1918,0.342621528,0.000336707,
SMU_1232c,0.340973369,0.013887082,
SMU_2156,0.338907778,0.002502765,
SMU_1234,0.337681257,0.003356182,
SMU_1298,0.337658765,0.013735837,
SMU_1808c,0.33704221,0.212771505,
SMU_321,0.336628218,0.001737368,
SMU_1174,0.332503603,0.000248783,
SMU_1833,0.329031706,0.001661981,
SMU_983,0.328270442,0.116801612,
SMU_1161c,0.327697652,0.230410321,
SMU_79,0.324684163,0.098058598,
SMU_1239,0.323461479,0.002330707,
SMU_2087,0.321447979,0.003556095,
SMU_1766c,0.318080303,0.038457125,
SMU_1671c,0.31774057,0.025250461,
SMU_415,0.316147974,0.003138691,
SMU_1692,0.313479781,0.001604074,
SMU_913,0.312476596,0.005392192,
SMU_842,0.312351595,0.000488444,
SMU_1691,0.311848946,0.000134879,
SMU_290,0.309277147,0.006498419,
SMU_276c,0.307358672,0.410231699,
SMU_1669,0.306234864,0.00022162,
SMU_1387,0.305129302,0.00864728,
SMU_750c,0.303287624,0.44253513,
SMU_771c,0.30322526,0.119208762,
SMU_951,0.301975668,0.001657891,
SMU_718c,0.301210253,0.009153156,
SMU_744,0.30120852,0.002698792,
SMU_1422,0.301097996,0.167683473,
SMU_815,0.300884922,0.003208723,
SMU_518,0.300196964,0.002792163,
SMU_845,0.299581331,0.012008814,
SMU_1499,0.296516865,0.001477099,
SMU_1794c,0.295677865,0.048987444,
SMU_1426c,0.294991643,0.001683442,
SMU_1781,0.294566932,0.051490344,
SMU_320,0.293844572,0.026280496,
SMU_305,0.292889103,0.00226519,
SMU_1662,0.292528693,0.006777573,
SMU_843,0.292095295,0.009304884,
SMU_1472,0.291909962,0.001030636,
SMU_2029,0.291691335,0.001644165,
SMU_954,0.29086199,0.052690447,
SMU_794,0.290346012,0.020630501,
SMU_1467,0.288913918,0.004561828,
SMU_1801c,0.286150625,0.00187217,
SMU_1173,0.284659202,0.001820502,
SMU_112c,0.281260657,0.058100466,
SMU_232,0.281136659,0.003000606,
SMU_464,0.280211755,0.001807218,
SMU_1873,0.279244621,0.002041031,
SMU_1221,0.278855496,0.007810954,
SMU_1668,0.278389147,0.002476322,
SMU_1780,0.278129819,0.049397346,
SMU_44,0.277501143,0.097055628,
SMU_1627,0.276143064,0.004563527,
SMU_159,0.274767819,0.012988208,
SMU_1087,0.274251302,0.044764968,
SMU_1129,0.273244947,0.030764611,
SMU_414,0.272171505,0.020854108,
SMU_2164,0.270828436,0.006060459,
SMU_235,0.270282223,0.001533229,
SMU_2050c,0.269149782,0.106862583,
SMU_233,0.269086211,0.002558817,
SMU_985,0.268299067,0.010188689,
SMU_1240c,0.268250438,0.005578822,
SMU_1159c,0.266587056,0.147632202,
SMU_1222,0.264997921,0.047181986,
SMU_2097,0.264986001,0.035040441,
SMU_223c,0.264408343,0.164253059,
SMU_1641c,0.264108418,0.259509959,
SMU_711,0.263781533,0.244464661,
SMU_144c,0.263488175,0.014394013,
SMU_1041,0.263347658,0.011230554,
SMU_1052,0.262478565,0.158200323,
SMU_1892c,0.261829583,0.34721163,
SMU_525,0.261385637,0.017578729,
SMU_354,0.260229233,0.009635022,
SMU_1292c,0.260228825,0.004014338,
SMU_812,0.259282193,0.377467475,
SMU_491,0.258051172,0.088166178,gldA cluster is not influenced by fructose
SMU_303,0.257368676,0.028061586,
SMU_399,0.25700982,0.018048544,
SMU_1154c,0.256692673,0.271923518,
SMU_517,0.256099763,0.030511348,
SMU_1970c,0.256089853,0.02991104,
SMU_782,0.254818839,0.01106718,
SMU_1233,0.254651065,0.034331637,
SMU_797,0.254647393,0.073854875,
SMU_822,0.254419454,0.00536506,
SMU_229,0.253806229,0.003302491,
SMU_1147c,0.251034371,0.287658673,
SMU_1792c,0.249507327,0.117969315,
SMU_1381,0.2480018,0.067748479,
SMU_115,0.24736285,0.211845827,
SMU_165,0.243166701,0.039272494,
SMU_1828,0.24225245,0.036294912,
SMU_46,0.242062392,0.361725487,
SMU_2139c,0.241257054,0.068716678,
SMU_1709,0.23987268,0.007040478,
SMU_156,0.238811185,0.01521938,
SMU_1277,0.2375252,0.014289766,
SMU_1082,0.236893865,0.013217363,
SMU_45,0.23668392,0.223832889,
SMU_346,0.235095454,0.082685476,
SMU_1921,0.234331409,0.007416674,
SMU_1919,0.232583682,0.008622112,
SMU_1323,0.230484342,0.033542533,
SMU_61,0.22852777,0.115467867,
SMU_09,0.227381475,0.156577629,
SMU_127,0.226917977,0.044736426,
SMU_108,0.226539264,0.362897514,
SMU_1891c,0.226391216,0.428255923,
SMU_1230c,0.225430458,0.028064934,
SMU_14,0.225341999,0.016601515,
SMU_537,0.225299448,0.110666592,
SMU_1884c,0.225176972,0.179919029,
SMU_389,0.224900998,0.130917114,
SMU_382c,0.223783515,0.212247776,
SMU_1550c,0.221697797,0.160576175,
SMU_799c,0.221644413,0.05704497,
SMU_1394,0.219892999,0.021004786,
SMU_2152c,0.219729097,0.030643853,
SMU_2098,0.219436203,0.022319583,
SMU_1593c,0.218414505,0.062406272,
SMU_238c,0.217446681,0.187146015,
SMU_1009,0.216345955,0.103604295,
SMU_1160c,0.215063092,0.336223108,
SMU_1280c,0.214540622,0.251381221,
SMU_1716c,0.213707028,0.055323001,
SMU_1995c,0.21180336,0.170763911,
SMU_1651,0.211683353,0.095763939,
SMU_43,0.211240663,0.433978454,
SMU_2090c,0.209732389,0.15640034,
SMU_164,0.208481669,0.068484948,
SMU_1831,0.208321171,0.058902317,
SMU_1238c,0.207000301,0.026194674,
SMU_1994,0.206221395,0.083752504,
SMU_355,0.204476681,0.026141117,
SMU_65,0.204217493,0.123654716,
SMU_1393c,0.204088084,0.043268986,
SMU_2088,0.203975984,0.076629797,
SMU_454,0.203875688,0.124750534,
SMU_458,0.202105357,0.055439598,
SMU_520,0.199904562,0.076627385,
SMU_27,0.199718231,0.417558201,
SMU_1721c,0.199561707,0.020738969,
SMU_493,0.198111027,0.051034908,slightly activated by MG (491 especially)
SMU_717,0.197981632,0.028568962,
SMU_01,0.197848552,0.133423973,
SMU_64,0.195367874,0.095609157,
SMU_2043c,0.194715775,0.117782528,
SMU_1140c,0.193040354,0.058080208,
SMU_224c,0.192752247,0.294782445,
SMU_2044,0.191409414,0.05292489,
SMU_1834,0.190193595,0.030733371,
SMU_538,0.188650181,0.149771497,
SMU_421,0.188217857,0.025450837,
SMU_1191,0.184825845,0.055018889,
SMU_1470c,0.182863834,0.186559384,
SMU_723,0.182732339,0.087428141,
SMU_24,0.180807958,0.113184858,
SMU_591c,0.17567332,0.334770359,
SMU_410,0.175317276,0.056072452,
SMU_1765c,0.17494685,0.236565414,
SMU_1278c,0.174432832,0.113883662,
SMU_1383,0.17110487,0.098873292,
SMU_456,0.17081751,0.064141564,
SMU_1226c,0.168862644,0.106967306,
SMU_1329c,0.167501672,0.423927186,
SMU_798c,0.165032918,0.222191064,
SMU_706c,0.164593757,0.290946116,
SMU_495,0.164208087,0.090890672,
SMU_795,0.163179271,0.162032587,
SMU_02,0.1625665,0.184064324,
SMU_1779c,0.162061238,0.108736196,
SMU_1370c,0.161537563,0.582464054,
SMU_1081c,0.161127003,0.098912688,
SMU_1220c,0.159267147,0.137187314,
SMU_549,0.158464655,0.065659992,
SMU_2052c,0.157703676,0.375741221,
SMU_351,0.157196979,0.076998849,
SMU_689,0.156031641,0.074878109,
SMU_1929,0.154538701,0.127496548,
SMU_487,0.152016758,0.228151033,
SMU_2159,0.151954146,0.09818264,
SMU_1523,0.150131368,0.164199987,
SMU_1259,0.145402698,0.445445838,
SMU_1508c,0.144481632,0.430797723,
SMU_785,0.143058085,0.273560871,
SMU_1775c,0.142758549,0.529554152,
SMU_331,0.141721271,0.139027789,
SMU_1920,0.141434639,0.134335006,
SMU_401c,0.141180844,0.197409278,
SMU_1577c,0.14060811,0.493881028,
SMU_823,0.140410494,0.145865829,
SMU_407,0.140162847,0.394335561,
SMU_352,0.139261888,0.178097813,
SMU_1836,0.136927162,0.111734813,
SMU_1388,0.136907944,0.185935475,
SMU_2126c,0.13616711,0.241090068,
SMU_342,0.135626557,0.230498663,
SMU_1319c,0.134672239,0.245884871,
SMU_1795c,0.134284357,0.256675337,
SMU_2151,0.134221126,0.174543092,
SMU_522,0.133137929,0.253198443,
SMU_786,0.132779173,0.228216363,
SMU_921,0.132035763,0.233145905,
SMU_75,0.131854147,0.200473182,
SMU_1410,0.129322588,0.399226557,
SMU_1837,0.128811711,0.347903602,
SMU_692,0.128644207,0.239512708,
SMU_15,0.127937233,0.147325762,
SMU_486,0.127750484,0.284376453,
SMU_521,0.127552058,0.398984436,
SMU_462,0.126797012,0.288972138,
SMU_1776c,0.126521665,0.5676423,
SMU_816,0.124076368,0.210409411,
SMU_2129c,0.122883717,0.509709556,
SMU_2040,0.122722788,0.445068981,
SMU_132,0.122545909,0.213171495,
SMU_955,0.121899914,0.486646442,
SMU_336,0.12162123,0.412863937,
SMU_1183,0.121073626,0.425253065,
SMU_1325,0.120433798,0.194889298,
SMU_1629c,0.117664582,0.22731,
SMU_781,0.115668536,0.194523543,
SMU_1685c,0.114110247,0.401596078,
SMU_684,0.111615453,0.555486445,
SMU_1098c,0.109971718,0.245551483,
SMU_2165,0.109078726,0.512163614,
SMU_1713c,0.103384818,0.3632986,
SMU_2058,0.099559838,0.620896204,
SMU_1719c,0.099163937,0.438221181,
SMU_1201c,0.098994445,0.577989309,
SMU_790,0.096686038,0.855421552,
SMU_1167c,0.096683842,0.585807138,
SMU_10,0.09585064,0.563868191,
SMU_598,0.094679292,0.283211075,
SMU_590c,0.092438662,0.594391107,
SMU_467,0.0923187,0.306054592,
SMU_1384,0.091990013,0.347076255,
SMU_391c,0.090978512,0.414290478,
SMU_607,0.090496499,0.424364392,
SMU_338,0.089770411,0.306094261,
SMU_524,0.088118266,0.430987504,
SMU_1284c,0.086309668,0.595492493,
SMU_1095,0.086239625,0.373513023,
SMU_455,0.085230741,0.318714556,
SMU_1718,0.08324106,0.362108587,
SMU_469,0.081814521,0.384366611,
SMU_494,0.081620579,0.483451143,
SMU_66,0.081250585,0.457634764,
SMU_231,0.080216827,0.41427981,
SMU_1555c,0.078923328,0.450037788,
SMU_922,0.078100726,0.454233681,
SMU_1832,0.076570248,0.63504303,
SMU_767,0.076498091,0.884894227,
SMU_483,0.074520331,0.406298859,
SMU_909,0.073899458,0.545077486,
SMU_227c,0.072125413,0.465617526,
SMU_420,0.071829039,0.71083288,
SMU_134,0.071384238,0.673783722,
SMU_1152c,0.067510281,0.71079195,
SMU_1332c,0.067310856,0.715901594,
SMU_1930,0.06705207,0.481278345,
SMU_1241,0.066796746,0.483103135,
SMU_1928,0.066155104,0.503758962,
SMU_186,0.065266253,0.633305214,
SMU_550,0.058523832,0.567550592,
SMU_780,0.057631717,0.560381821,
SMU_367,0.054473527,0.606950763,
SMU_1933c,0.053673381,0.626756612,
SMU_1055,0.053391335,0.730813203,
SMU_1934c,0.049849678,0.582217139,
SMU_388,0.049723045,0.643049178,
SMU_225c,0.048678891,0.783007735,
SMU_784,0.046695028,0.665647841,
SMU_1262c,0.045260524,0.85048623,
SMU_160,0.045029484,0.67126766,
SMU_2121c,0.042283797,0.850564773,
SMU_1673,0.042097398,0.698665393,
SMU_1002,0.041333331,0.664001,
SMU_851,0.039821307,0.762849113,
SMU_824,0.038606428,0.72857923,
SMU_633,0.037509749,0.709380234,
SMU_1661c,0.034799401,0.771492945,
SMU_1676c,0.034651378,0.705183188,
SMU_1604c,0.03399768,0.918390064,
SMU_1770,0.033220268,0.738748932,
SMU_1076,0.032729189,0.729756772,
SMU_330,0.031537342,0.738068474,
SMU_554,0.025836384,0.80681963,
SMU_341,0.025548827,0.838956267,
SMU_779,0.024641529,0.787794889,
SMU_962,0.023924515,0.852276691,
SMU_395,0.023619167,0.823698601,
SMU_485,0.02259129,0.880544885,
SMU_1886,0.021188524,0.818511545,
SMU_47,0.021034268,0.927974984,
SMU_1689,0.018149844,0.876974582,
SMU_177,0.018019718,0.886736872,
SMU_1902c,0.016392173,0.954754698,
SMU_300,0.013977245,0.907279506,
SMU_371,0.013463933,0.945827224,
SMU_535,0.011077232,0.943243012,
SMU_1728,0.011069277,0.930157959,
SMU_1546,0.010343504,0.931111627,
SMU_1190,0.009217926,0.919546462,
SMU_1215,0.008853706,0.93805935,
SMU_2112,0.003870799,0.970326901,
SMU_478,0.001398978,0.987783952,
SMU_839,0.000582125,0.997833696,
SMU_2049c,-7.14347E-05,1,
SMU_1816c,-8.25615E-05,1,
SMU_178,-0.000300258,0.998277087,
SMU_1950,-0.001243597,0.993450192,
SMU_961,-0.001562758,0.990083914,
SMU_1096,-0.00266762,0.980957226,
SMU_1249c,-0.002778627,0.985585643,
SMU_869,-0.005005118,0.962496061,
SMU_1480,-0.006652571,0.963220863,
SMU_923,-0.011955116,0.912589795,
SMU_78,-0.01226604,0.899491023,
SMU_759,-0.012675322,0.885240969,
SMU_2134,-0.01387282,0.960077722,
SMU_1391c,-0.01623602,0.870897835,
SMU_1142c,-0.017611082,0.863469916,
SMU_1326,-0.019439337,0.851666204,
SMU_337,-0.023257216,0.800190526,
SMU_1462c,-0.023358846,0.838664424,
SMU_1327c,-0.024821436,0.845795181,
SMU_636,-0.024963917,0.797288727,
SMU_406c,-0.026154526,0.81156259,
SMU_685,-0.026994042,0.910417294,
SMU_1948,-0.027073878,0.833837921,
SMU_896,-0.027124866,0.927594822,
SMU_1548c,-0.028208455,0.812632266,
SMU_70,-0.029438165,0.744619889,
SMU_1471c,-0.03414518,0.827203013,
SMU_821,-0.034238831,0.693179626,
SMU_1056,-0.034439216,0.927288784,
SMU_1429,-0.034814865,0.733412784,
SMU_1141c,-0.035465015,0.789817583,
SMU_1789c,-0.03601543,0.743214164,
SMU_1660c,-0.038297653,0.767678941,
SMU_2162c,-0.038533531,0.828935323,
SMU_1430,-0.038852572,0.714865667,
SMU_1807c,-0.039654486,0.78055038,
SMU_1654c,-0.041323216,0.710212831,
SMU_1999c,-0.043608587,0.700944488,
SMU_1872c,-0.043870688,0.773366751,
SMU_573,-0.046148487,0.733340422,
SMU_1145c,-0.046356828,0.730111736,
SMU_1128,-0.046417319,0.676778949,
SMU_1411,-0.047763599,0.739701771,
SMU_776,-0.048839362,0.62706771,
SMU_963c,-0.04960863,0.618337791,
SMU_1712c,-0.049924972,0.661410953,
SMU_1639,-0.052269656,0.624762666,
SMU_1331c,-0.052684618,0.76400001,
SMU_523,-0.053025458,0.627210601,
SMU_496,-0.054579358,0.62274791,
SMU_16,-0.057201608,0.626047579,
SMU_1605,-0.058275218,0.576558022,
SMU_1225,-0.060270726,0.588028999,
SMU_2123,-0.060986966,0.676831392,
SMU_1575c,-0.061132045,0.843587359,
SMU_1655c,-0.062149533,0.632088947,
SMU_345c,-0.064893892,0.620568973,
SMU_1182,-0.066487767,0.564492288,
SMU_539c,-0.066631588,0.809885183,
SMU_761,-0.066878626,0.49190508,
SMU_1400c,-0.068068222,0.683433313,
SMU_1213c,-0.068092386,0.501625235,
SMU_2136c,-0.06862843,0.603249309,
SMU_606,-0.068726744,0.624373894,
SMU_1373c,-0.070542024,0.742651401,
SMU_1372c,-0.070543607,0.751742468,
SMU_429c,-0.071692939,0.660846642,
SMU_1767c,-0.072187788,0.627131158,
SMU_26,-0.072536133,0.44753949,
SMU_557,-0.072650305,0.490830558,
SMU_416,-0.073508192,0.487634257,
SMU_1214,-0.073911113,0.531737422,
SMU_778,-0.075065052,0.425385032,
SMU_1830c,-0.075558549,0.417287974,
SMU_1727,-0.075689317,0.385765363,
SMU_716,-0.077670666,0.398507126,
SMU_327,-0.07781492,0.477747796,
SMU_1717c,-0.077848306,0.409474678,
SMU_1444c,-0.078807806,0.366218442,
SMU_777,-0.079623869,0.441263313,
SMU_1097c,-0.080089528,0.585791461,
SMU_76,-0.082147587,0.45027617,
SMU_1687,-0.08366516,0.314310208,
SMU_2125,-0.083767618,0.586881161,
SMU_488,-0.084051591,0.404303958,
SMU_332,-0.084268513,0.420727817,
SMU_378,-0.085237028,0.830054639,
SMU_1935c,-0.085379688,0.461044756,
SMU_432,-0.085385084,0.637117473,
SMU_1153c,-0.087224658,0.468250921,
SMU_2048,-0.087337852,0.544374837,
SMU_972,-0.087455757,0.366683485,
SMU_1777,-0.087912158,0.523715767,
SMU_730,-0.089788151,0.722402094,
SMU_373,-0.089904869,0.668258677,
SMU_1216c,-0.092035665,0.44254997,
SMU_1367c,-0.095076052,0.39536269,
SMU_2158c,-0.096267682,0.415105437,
SMU_1636c,-0.097723735,0.316133077,
SMU_1010,-0.099633323,0.391164686,
SMU_1205c,-0.099781612,0.568487706,
SMU_13,-0.100476423,0.547690498,
SMU_1746c,-0.100761397,0.283036103,
SMU_1659c,-0.10212763,0.283070123,
SMU_648,-0.102995937,0.246280977,
SMU_1591,-0.103444335,0.272442662,
SMU_1397c,-0.105598365,0.58700298,
SMU_344,-0.106114918,0.430497346,
SMU_605,-0.106522862,0.649637257,
SMU_1547c,-0.107510469,0.401739364,
SMU_1768c,-0.110000551,0.309255563,
SMU_1016,-0.110131814,0.4605119,
SMU_220c,-0.110649774,0.557885083,
SMU_1656,-0.11275805,0.281295833,
SMU_566c,-0.112853078,0.76420268,
SMU_1675,-0.11325287,0.450001857,
SMU_787,-0.113326516,0.205641005,
SMU_433,-0.116734136,0.344888325,
SMU_343,-0.118332364,0.286460367,
SMU_1513,-0.11901488,0.170167796,
SMU_1626,-0.120402964,0.165660123,
SMU_1321c,-0.121053511,0.255997832,
SMU_1690,-0.121916654,0.211656741,
SMU_479,-0.12208951,0.465235689,
SMU_977,-0.122868063,0.383679254,
SMU_1936c,-0.126239346,0.200315599,
SMU_1888,-0.12711544,0.587398335,
SMU_1572,-0.127935691,0.247327301,
SMU_2003a,-0.130200256,0.307799594,
SMU_326,-0.133709777,0.28943473,
SMU_801,-0.133885225,0.195702001,
SMU_1715c,-0.135755517,0.18650149,
SMU_372,-0.136857857,0.492894171,
SMU_1652,-0.137568417,0.30079111,
SMU_1206c,-0.139132646,0.346496058,
SMU_173,-0.140079053,0.419098548,
SMU_998,-0.140713685,0.219176164,
SMU_1507c,-0.141645208,0.54662312,
SMU_1922,-0.141674539,0.202650629,
SMU_1711,-0.143299006,0.171004904,
SMU_632,-0.144190436,0.230050307,
SMU_637c,-0.144880048,0.231990053,
SMU_419,-0.145610988,0.250422579,
SMU_1324,-0.147860762,0.136617752,
SMU_63c,-0.148074917,0.082249291,
SMU_541,-0.14948252,0.639925571,
SMU_457,-0.150409509,0.551474603,
SMU_1811,-0.152700362,0.378085409,
SMU_1417c,-0.153573144,0.216898248,
SMU_1305c,-0.15516543,0.099110507,
SMU_12,-0.156146909,0.192321278,
SMU_181,-0.156311025,0.172927815,
SMU_93c,-0.156363292,0.663590417,
SMU_713,-0.156840788,0.067050926,
SMU_536,-0.158114803,0.331260839,
SMU_1306c,-0.161873317,0.112919298,
SMU_325,-0.163218017,0.306269017,
SMU_1606,-0.163541269,0.26265846,
SMU_154,-0.163892793,0.087222999,
SMU_393,-0.164498646,0.285597515,
SMU_1584c,-0.16500626,0.327794871,
SMU_621c,-0.166498582,0.068010169,
SMU_2069,-0.169772978,0.335714984,
SMU_623c,-0.170727842,0.097053343,
SMU_1111c,-0.171112226,0.154839418,
SMU_289,-0.171544585,0.098258035,
SMU_803c,-0.172004573,0.081207254,
SMU_1425,-0.172171811,0.182007979,
SMU_22,-0.174035882,0.040313722,
SMU_360,-0.174330793,0.082550411,
SMU_2106c,-0.174439354,0.308960561,
SMU_1042,-0.177198836,0.150585537,
SMU_856,-0.18114295,0.11619097,
SMU_1514,-0.182906524,0.115784647,
SMU_60,-0.183008654,0.221320053,
SMU_1978,-0.183679157,0.034117529,
SMU_859,-0.183700656,0.097220055,
SMU_35,-0.184365644,0.166133985,
SMU_71,-0.186193378,0.117346485,
SMU_1642c,-0.186495976,0.233868926,
SMU_820,-0.186656146,0.035383618,
SMU_339,-0.187462826,0.126302195,
SMU_1772c,-0.187883089,0.347662064,
SMU_1846c,-0.189238506,0.065721566,
SMU_1207,-0.190503732,0.080421976,
SMU_1418,-0.191455018,0.079471009,
SMU_374,-0.192723349,0.295935312,
SMU_161,-0.193357327,0.10395122,
SMU_970,-0.196446524,0.087352998,
SMU_897,-0.197285923,0.178052569,
SMU_1942c,-0.200641056,0.093294633,
SMU_1506c,-0.203652303,0.189333922,
SMU_1589c,-0.204305414,0.024065244,
SMU_1415c,-0.204641434,0.058445143,
SMU_1431c,-0.205443563,0.048806207,
SMU_1358,-0.205499347,0.301244434,
SMU_1361c,-0.206793595,0.294749667,
SMU_135,-0.20745234,0.104287504,
SMU_394c,-0.208070874,0.128988321,
SMU_1504c,-0.208746677,0.303125058,
SMU_68,-0.209226413,0.21198257,
SMU_534,-0.210665688,0.112419486,
SMU_1139c,-0.210791674,0.038924002,
SMU_2149c,-0.211924508,0.027697604,
SMU_441,-0.213096623,0.244617476,
SMU_906,-0.214444066,0.035440548,
SMU_1682c,-0.214722384,0.293233638,
SMU_2030,-0.215131836,0.081186918,
SMU_1465c,-0.215245429,0.064466936,
SMU_174c,-0.215795544,0.116140011,
SMU_1053,-0.218483539,0.036063967,
SMU_819,-0.219615258,0.028711065,
SMU_431,-0.221163344,0.277077285,
SMU_1937,-0.223532255,0.028070059,
SMU_37,-0.223721356,0.068847027,
SMU_133c,-0.223840575,0.084036026,
SMU_1993,-0.223955503,0.044082794,
SMU_1694c,-0.225174359,0.076875894,
SMU_1688,-0.225230519,0.011258939,
SMU_1683c,-0.225651515,0.057357475,
SMU_2161c,-0.226710747,0.162961416,
SMU_969,-0.227262613,0.03137149,
SMU_25,-0.228290258,0.128129556,
SMU_1633c,-0.228624828,0.069080131,
SMU_1714c,-0.229312299,0.048042681,
SMU_1011,-0.234245091,0.076468291,
SMU_1134c,-0.234558654,0.023829608,
SMU_850,-0.235618176,0.050463603,
SMU_888,-0.235860745,0.053292902,
SMU_533,-0.236413119,0.135319251,
SMU_552,-0.236904872,0.013376912,
SMU_1113,-0.237077835,0.022447097,
SMU_1638c,-0.237182767,0.063229581,
SMU_1554c,-0.239344841,0.38918899,
SMU_1941,-0.239665029,0.025974597,
SMU_1466,-0.239960595,0.007981279,
SMU_1611c,-0.240207832,0.015879958,
SMU_1729c,-0.24272353,0.020083976,
SMU_971,-0.242784432,0.022653802,
SMU_995,-0.243921926,0.019516434,
SMU_1847,-0.244231623,0.013178194,
SMU_1732c,-0.244362916,0.01709069,
SMU_1114,-0.244488485,0.012065164,
SMU_1938c,-0.246364839,0.020227035,
SMU_895,-0.249382615,0.302432841,
SMU_434,-0.249754742,0.054022026,
SMU_376,-0.250491747,0.089556204,
SMU_163c,-0.250664773,0.035784844,
SMU_107,-0.251734264,0.683923998,
SMU_1303c,-0.256331577,0.003888442,
SMU_1025,-0.256352572,0.223214776,
SMU_1137,-0.262296543,0.006383274,
SMU_1014,-0.263679541,0.053611131,
SMU_459,-0.264052225,0.006151515,
SMU_1634c,-0.264133018,0.029134824,
SMU_1485c,-0.264531831,0.031445567,
SMU_1588c,-0.265536097,0.00595479,
SMU_172,-0.2660641,0.138774521,
SMU_1482c,-0.266337935,0.023826652,
SMU_1416c,-0.266826775,0.014096147,
SMU_2160,-0.267495255,0.148058437,
SMU_109,-0.267608577,0.101265524,
SMU_1079c,-0.267655956,0.002937011,
SMU_505,-0.268452328,0.094908871,
SMU_1157c,-0.270205139,0.155534241,
SMU_1018,-0.271824197,0.134648852,
SMU_1054,-0.272651322,0.010506252,
SMU_564,-0.273557834,0.038367927,
SMU_1184c,-0.276542335,0.032256122,
SMU_2148c,-0.280080076,0.013306803,
SMU_484,-0.282986039,0.000981726,
SMU_1653,-0.287718958,0.004464168,
SMU_604,-0.28792201,0.176154195,
SMU_556,-0.287973199,0.025543578,
SMU_555,-0.290206381,0.060608907,
SMU_428,-0.292352394,0.005398697,
SMU_973,-0.29534989,0.002775822,
SMU_1505c,-0.295660487,0.153451803,
SMU_1635,-0.29624194,0.000913787,
SMU_1300c,-0.297662134,0.059567814,
SMU_301,-0.298129532,0.015650254,
SMU_489,-0.298746133,0.035518559,
SMU_1330c,-0.299020958,0.242544941,
SMU_1309c,-0.302257306,0.002802583,
SMU_624,-0.302449415,0.008126491,
SMU_1939c,-0.303681498,0.000975142,
SMU_450,-0.305223773,0.004711589,
SMU_1133,-0.305525004,0.023154869,
SMU_1313c,-0.305660193,0.000422682,
SMU_547,-0.306053638,0.107975904,
SMU_1377c,-0.306868646,0.001813765,
SMU_1787c,-0.307097264,0.010625879,
SMU_1553c,-0.30877931,0.321788194,
SMU_1951c,-0.310605128,0.051243808,
SMU_1243,-0.310711182,0.005118684,
SMU_1955,-0.310840747,0.04513174,
SMU_1288,-0.311293302,0.00057607,
SMU_1138,-0.311535744,0.001225851,
SMU_39,-0.311971446,0.084192719,
SMU_817,-0.315046993,0.007257386,
SMU_1208c,-0.315145489,0.002107723,
SMU_67,-0.315355764,0.000522085,
SMU_1710c,-0.316092454,0.079945584,
SMU_1484c,-0.318052585,0.002493912,
SMU_442,-0.318452322,0.044208595,
SMU_1308,-0.318874087,0.003057046,
SMU_546,-0.319193561,0.000482379,
SMU_825,-0.319257133,0.003689781,
SMU_1078c,-0.321647522,0.000178105,
SMU_480,-0.322244719,0.000549108,
SMU_150,-0.322499935,0.197078497,
SMU_417,-0.322660709,0.001056415,
SMU_1245c,-0.325332081,0.001246945,
SMU_369c,-0.326043356,0.057155977,
SMU_981,-0.328786562,0.135754814,
SMU_800,-0.330124654,0.035057506,
SMU_1601,-0.330285392,0.059617571,
SMU_317,-0.332065642,0.001691345,
SMU_1463c,-0.333390277,0.003115655,
SMU_2107c,-0.333831661,0.030030235,
SMU_698,-0.338533434,0.000974964,
SMU_368c,-0.339422164,0.000373841,
SMU_1943,-0.340439602,0.000976203,
SMU_34,-0.341035365,0.011692803,
SMU_858,-0.342810523,0.000583812,
SMU_1100c,-0.34311992,0.000726195,
SMU_1637c,-0.343158422,0.000827044,
SMU_683,-0.344358122,0.000214816,
SMU_1858,-0.344500038,0.0042772,
SMU_1136,-0.34524573,0.000252758,
SMU_1674,-0.346412807,0.003184828,
SMU_162c,-0.350470756,0.00321497,
SMU_1632,-0.350848122,0.000254231,
SMU_418,-0.351067183,0.000100174,
SMU_1224,-0.351964134,0.011353068,
SMU_553,-0.35236856,0.00017775,
SMU_2003,-0.352849398,0.000306249,
SMU_1304c,-0.353724649,0.000215782,
SMU_96,-0.355364536,0.02396425,
SMU_1171c,-0.355511212,0.001760562,
SMU_1299c,-0.356213714,0.045953748,
SMU_1464c,-0.356743098,0.002882514,
SMU_1592,-0.357110962,0.000647618,
SMU_1135,-0.3576805,0.000289243,
SMU_968,-0.358498127,0.002599325,
SMU_340,-0.358823026,0.017788285,
SMU_1881c,-0.359092965,7.07996E-05,
SMU_1784c,-0.362504592,9.76543E-05,
SMU_302,-0.362720229,0.007338446,
SMU_1947,-0.362789306,0.00037655,
SMU_758c,-0.364079251,0.009672362,
SMU_1204,-0.36557724,3.42623E-05,
SMU_982,-0.367292056,0.200037831,
SMU_268,-0.367803028,0.000397099,
SMU_168,-0.368554206,0.059606388,
SMU_1043c,-0.370673252,2.07621E-05,
SMU_56,-0.370765216,0.155105357,
SMU_239c,-0.372429028,0.109331114,
SMU_1483c,-0.373028782,0.003492045,
SMU_218,-0.374291785,0.134062617,
SMU_53,-0.374357641,0.027253325,
SMU_1940c,-0.375070818,1.97536E-05,
SMU_36,-0.376453233,0.001769465,
SMU_449,-0.376654655,0.000149507,
SMU_1852,-0.378371501,2.81116E-05,
SMU_1607,-0.380592967,0.000181416,
SMU_2035,-0.381825329,0.000122547,
SMU_997,-0.383017522,0.000511166,
SMU_857,-0.383218579,0.00018214,
SMU_974,-0.383627743,0.000801265,
SMU_1176,-0.385893954,0.000497394,
SMU_318,-0.388190549,3.11851E-05,
SMU_2037,-0.391985285,0.016693643,
SMU_2133c,-0.394496171,0.000718317,
SMU_966,-0.395802132,0.000176686,
SMU_2067,-0.398190049,4.10957E-05,
SMU_506,-0.398233306,0.003620588,
SMU_1301c,-0.401565324,0.00279954,
SMU_542,-0.401638485,4.94428E-05,
SMU_500,-0.402348645,0.000120839,
SMU_901,-0.40359003,4.35833E-05,
SMU_1291c,-0.404204027,0.010482835,
SMU_603,-0.404228049,5.39847E-05,
SMU_938,-0.40507573,9.27901E-05,
SMU_1026,-0.406082934,0.038698169,
SMU_899,-0.407340335,0.000126716,
SMU_1109c,-0.407723653,0.000113295,
SMU_1307c,-0.411060271,6.13175E-05,
SMU_976,-0.412454375,0.000135523,
SMU_939,-0.415886559,3.99674E-05,
SMU_1375c,-0.417724352,0.002655631,
SMU_84,-0.420156579,0.00121834,
SMU_1486c,-0.421540208,0.014896456,
SMU_1028,-0.422222707,0.001443805,
SMU_1810,-0.42429187,0.013566008,
SMU_614,-0.424471806,0.01114794,
SMU_802,-0.424497682,0.007741636,
SMU_88c,-0.424866714,3.85437E-05,
SMU_1374,-0.425287078,0.003289624,
SMU_1019,-0.427626078,0.00135295,
SMU_900,-0.427700614,2.53909E-05,
SMU_510c,-0.429467968,6.86721E-05,
SMU_1817c,-0.430446615,0.04817494,
SMU_07,-0.430975779,0.002076903,
SMU_357,-0.432493064,3.72334E-07,
SMU_967,-0.43266099,2.89384E-06,
SMU_1027,-0.43294352,0.057910299,
SMU_860,-0.432967114,1.1281E-05,
SMU_375,-0.433802804,0.020910962,
SMU_440,-0.434577356,0.008924072,
SMU_2012,-0.437124891,7.0695E-05,
SMU_1644c,-0.439807456,9.04774E-05,
SMU_149,-0.442070792,0.030297767,
SMU_460,-0.443453676,5.57062E-07,
SMU_1590,-0.446756811,1.39677E-06,
SMU_1647c,-0.446825851,0.001436665,
SMU_1276c,-0.449798213,3.16193E-08,
SMU_1786,-0.451658943,2.1181E-05,
SMU_439,-0.451869303,0.019199491,
SMU_1954,-0.454347333,2.46799E-07,
SMU_1731,-0.455302712,3.14931E-07,
SMU_1210,-0.456512157,9.00873E-06,
SMU_1012c,-0.458413221,0.004014759,
SMU_891,-0.459152455,7.17269E-05,
SMU_1312,-0.460661057,6.14589E-07,
SMU_2108c,-0.460843641,0.000304187,
SMU_1017,-0.461049519,8.96378E-06,
SMU_1112c,-0.461693825,0.000187772,
SMU_1460,-0.465018911,0.000118787,
SMU_2004,-0.465969751,6.80345E-08,
SMU_1625,-0.467075038,9.66521E-06,
SMU_11,-0.469561045,0.098589229,
SMU_1020,-0.470989112,1.51185E-05,
SMU_2111c,-0.471250515,0.013355598,
SMU_868,-0.471586575,0.001620223,
SMU_1853,-0.474414126,3.36706E-06,
SMU_1282,-0.476281921,0.014328415,
SMU_1539,-0.477430584,4.66884E-06,
SMU_1211,-0.477614361,1.38156E-05,
SMU_937,-0.478734509,8.38669E-07,
SMU_999,-0.480277081,0.104103279,
SMU_423,-0.483082612,0.005106008,
SMU_551,-0.483085477,5.53319E-09,
SMU_1339,-0.483350795,0.001152433,
SMU_1289c,-0.483629122,1.71228E-05,
SMU_1623c,-0.484729885,2.32178E-07,
SMU_358,-0.485994091,2.43737E-06,
SMU_1345c,-0.487717166,0.031748875,
SMU_1573,-0.490396233,2.91769E-05,
SMU_1966c,-0.490893888,0.000554769,
SMU_1997,-0.491943365,0.089914488,
SMU_569,-0.492464449,0.000597251,
SMU_691,-0.49648635,7.46428E-07,
SMU_2101,-0.496628503,7.20102E-08,
SMU_892,-0.497194588,2.23122E-05,
SMU_2076c,-0.497700402,0.135852471,
SMU_1127,-0.499902856,0.00034193,
SMU_2105,-0.500320144,0.002813146,
SMU_788,-0.500504588,8.74028E-07,
SMU_1747c,-0.503066886,0.001456714,
SMU_1806,-0.505898156,0.002131221,
SMU_622c,-0.506713052,8.91272E-05,
SMU_975,-0.509223404,0.000243611,
SMU_1363c,-0.509739468,1.85367E-07,
SMU_59,-0.509913458,0.000256941,
SMU_497c,-0.510410165,0.000370322,
SMU_2070,-0.511238408,0.002107203,
SMU_23,-0.511417774,1.73901E-08,
SMU_1013c,-0.512413908,0.000679701,
SMU_1646c,-0.512569304,0.000364956,
SMU_674,-0.514316764,1.40417E-07,
SMU_659,-0.514714317,0.02234042,
SMU_1346,-0.515652139,0.00432507,
SMU_826,-0.515780988,8.00123E-08,
SMU_1461,-0.516223492,1.84779E-06,
SMU_504,-0.517569986,0.002843394,
SMU_362,-0.518925422,0.000624359,
SMU_1805,-0.519002173,0.010688511,
SMU_1131c,-0.519642106,0.007848379,
SMU_153,-0.519819201,0.007626932,
SMU_1587c,-0.521346404,2.53011E-06,
SMU_2001,-0.524056113,1.96539E-10,
SMU_2114c,-0.52570226,0.002278534,
SMU_688,-0.525984099,0.000484141,
SMU_1088,-0.526714251,4.87235E-08,
SMU_996,-0.530042499,2.98917E-05,
SMU_902,-0.530475059,3.30401E-09,
SMU_1859,-0.533552358,4.89363E-10,
SMU_2063,-0.535395238,1.80847E-06,
SMU_1624,-0.536855154,1.06173E-07,
SMU_1386,-0.537079155,1.90153E-06,
SMU_361,-0.541158534,6.23674E-10,
SMU_2131,-0.542490791,0.354835496,
SMU_567,-0.546323795,1.35418E-08,
SMU_1007,-0.546528471,2.09412E-07,
SMU_1209c,-0.547254985,3.51824E-05,
SMU_1871c,-0.548732803,7.15756E-05,
SMU_543,-0.554125332,2.86655E-08,
SMU_1459c,-0.554471588,3.16282E-07,
SMU_1351,-0.555167659,0.004213816,
SMU_1610,-0.555870048,0.091456079,
SMU_1314,-0.557051787,2.19321E-06,
SMU_1089,-0.557808799,1.21339E-07,
SMU_613,-0.557847964,0.003801591,
SMU_1931,-0.558171688,3.50165E-05,
SMU_2038,-0.559537775,0.000112895,
SMU_51,-0.560429366,0.000896744,
SMU_1023,-0.56167295,4.58377E-08,
SMU_2002,-0.5638954,4.29753E-10,
SMU_898,-0.564401217,4.41046E-07,
SMU_167,-0.565232209,8.93261E-05,
SMU_87,-0.565853537,5.61189E-05,
SMU_1457,-0.566381684,2.40899E-10,
SMU_905,-0.569089893,3.94912E-09,
SMU_2009,-0.569588938,1.48249E-08,
SMU_1335c,-0.570086423,1.07579E-05,
SMU_1538,-0.573525254,1.99314E-06,
SMU_184,-0.574810943,0.00308587,
SMU_1860,-0.579462541,1.61798E-11,
SMU_55,-0.580479112,0.000489708,
SMU_828,-0.580879844,8.51227E-11,
SMU_52,-0.581073817,0.012549438,
SMU_1286c,-0.58208385,0.001205435,
SMU_293,-0.582513266,0.000442802,
SMU_1861c,-0.583245823,0.002986848,
SMU_356,-0.583508788,2.35365E-07,
SMU_1989,-0.583792653,7.04093E-12,
SMU_1340,-0.585005694,1.94656E-05,
SMU_2109,-0.58503554,4.95951E-06,
SMU_461,-0.586261684,9.56394E-09,
SMU_1342,-0.592273239,0.000856689,
SMU_1115,-0.59269972,2.5027E-09,
SMU_849,-0.595469003,5.92882E-07,
SMU_611,-0.596971736,1.60566E-10,
SMU_151,-0.596986897,0.001204332,
SMU_702c,-0.597745182,1.92393E-06,
SMU_359,-0.598042134,1.6061E-12,
SMU_565c,-0.599257663,0.0028408,
SMU_1290c,-0.599683013,2.28641E-08,
SMU_893,-0.603027837,0.000162334,
SMU_185,-0.604732415,0.036388955,
SMU_965,-0.604890381,3.84148E-08,
SMU_1343c,-0.606764279,0.000396673,
SMU_712,-0.608094066,3.27909E-12,
SMU_1246c,-0.610243379,5.66134E-07,
SMU_06,-0.611356324,1.30864E-11,
SMU_1783,-0.613257323,3.1655E-12,
SMU_682,-0.615334534,8.20393E-05,
SMU_2157,-0.616411853,1.36185E-11,
SMU_774,-0.616984419,4.54218E-09,
SMU_933,-0.617835809,7.05592E-10,
SMU_1730c,-0.62366887,7.60584E-07,
SMU_1445c,-0.623801596,4.42967E-08,
SMU_1336,-0.623874166,0.000211668,
SMU_1595,-0.624777654,4.96665E-08,
SMU_2007,-0.625352738,2.95256E-11,
SMU_2010,-0.626814377,1.92855E-08,
SMU_568,-0.62944623,1.23181E-07,
SMU_1352,-0.629859365,0.001217166,
SMU_804,-0.63239608,0.001423063,
SMU_608,-0.633564856,2.60215E-07,
SMU_54,-0.634730626,1.36563E-07,
SMU_1398,-0.637126861,2.24951E-06,
SMU_1964c,-0.638308572,0.000101974,
SMU_1223,-0.638927323,8.96394E-07,
SMU_1389,-0.639607765,4.00185E-12,
SMU_2006,-0.640954984,1.67934E-10,
SMU_1360c,-0.642252619,0.004685567,
SMU_1021,-0.64366447,7.67591E-11,
SMU_934,-0.643855273,0.000274209,
SMU_1337c,-0.644481765,0.000443232,
SMU_990,-0.644735649,1.95259E-12,
SMU_932,-0.644874226,1.893E-11,
SMU_885,-0.645198099,9.3618E-05,
SMU_1414c,-0.645959452,2.25291E-08,
SMU_1341c,-0.647706988,4.79868E-06,
SMU_1977c,-0.648405154,0.000124212,
SMU_86,-0.649093651,7.51923E-05,
SMU_83,-0.649139296,5.06473E-09,
SMU_103,-0.650111877,0.006775792,
SMU_1526c,-0.651010957,0.007718615,
SMU_94c,-0.651246049,0.014170825,
SMU_1034c,-0.653521361,5.47689E-08,
SMU_987,-0.655378056,1.65829E-11,
SMU_570,-0.658313691,8.18803E-11,
SMU_2000,-0.659018638,1.06578E-12,
SMU_2099c,-0.660733158,3.80057E-08,
SMU_2014,-0.661024576,2.8382E-11,
SMU_1502c,-0.662230085,0.000160011,
SMU_2128,-0.669980881,7.70803E-09,
SMU_1066,-0.674084962,2.55795E-13,
SMU_836,-0.675493342,7.82939E-07,
SMU_1022,-0.675704803,2.20397E-08,
SMU_1965c,-0.678299819,3.17723E-08,
SMU_1785,-0.679421336,2.80684E-11,
SMU_2100c,-0.679569904,1.90101E-10,
SMU_307,-0.680913244,2.55248E-15,
SMU_2016,-0.685629095,1.61696E-15,
SMU_2130,-0.685662242,2.12333E-06,
SMU_1185,-0.68617822,2.63005E-06,
SMU_444,-0.688555975,0.000126696,
SMU_1447c,-0.689932146,2.20683E-12,
SMU_286,-0.690007586,1.83276E-17,
SMU_1165c,-0.690077301,0.000166947,
SMU_2075c,-0.692824761,2.58243E-13,
SMU_768c,-0.693015031,0.00231276,
SMU_1845,-0.693623361,1.22645E-09,
SMU_2008,-0.696841251,4.89484E-13,
SMU_2011,-0.696921841,2.2948E-12,
SMU_625,-0.697086882,0.00045597,
SMU_2033c,-0.697931705,4.49697E-10,
SMU_33,-0.700427607,0.000112075,
SMU_1643c,-0.703562803,0.000417949,
SMU_989,-0.704368821,1.46929E-14,
SMU_1586,-0.706610415,1.03522E-11,
SMU_2020,-0.711400132,9.71052E-15,
SMU_179,-0.713251217,8.88415E-08,
SMU_1992,-0.716995081,1.0063E-12,
SMU_85,-0.717160572,9.69126E-08,
SMU_1379,-0.717263866,0.041630338,
SMU_1344c,-0.723211681,0.000259031,
SMU_2032,-0.724927707,7.86078E-14,
SMU_1827,-0.725977397,0.000151232,
SMU_1990,-0.728690809,1.46519E-18,
SMU_1178c,-0.729883824,3.72242E-12,
SMU_1164c,-0.73328833,7.2513E-08,
SMU_08,-0.735552035,2.88968E-08,
SMU_1126,-0.738639293,2.49822E-06,
SMU_2065,-0.746030667,7.37153E-13,
SMU_408,-0.746444539,8.31644E-15,
SMU_1356c,-0.746873922,5.07983E-06,
SMU_180,-0.747313834,2.03854E-10,
SMU_1973,-0.747504149,9.17965E-13,
SMU_1006,-0.751409357,3.89009E-10,
SMU_1535,-0.751573047,1.45314E-15,
SMU_1446c,-0.754899606,6.39565E-11,
SMU_2018,-0.754964019,2.47901E-14,
SMU_1163c,-0.756968305,6.01032E-11,
SMU_166,-0.762617113,8.11803E-11,
SMU_532,-0.763353208,1.40031E-09,
SMU_50,-0.767872276,6.78288E-07,
SMU_697,-0.773212192,9.29052E-15,
SMU_827,-0.773760403,7.64859E-16,
SMU_1545c,-0.775123322,9.61161E-12,
SMU_1072c,-0.77614793,1.50155E-05,
SMU_650,-0.781732311,1.49314E-15,
SMU_101,-0.785090698,8.12672E-06,
SMU_1979c,-0.785672659,1.14566E-10,
SMU_219,-0.789593787,0.000293435,
SMU_2026c,-0.790540822,5.46155E-15,
SMU_2021,-0.790599336,2.8266E-21,
SMU_2166,-0.793837884,1.09606E-18,
SMU_189,-0.794753169,0.063498144,
SMU_2064c,-0.795034489,1.0043E-17,
SMU_1090,-0.795809157,1.31855E-17,
SMU_2023c,-0.797651437,1.03795E-18,
SMU_2017,-0.798925598,8.43932E-19,
SMU_703c,-0.799550379,2.18975E-13,
SMU_1923c,-0.800954173,2.52617E-10,
SMU_1734,-0.802342512,1.41191E-12,
SMU_833,-0.803971196,4.7667E-12,
SMU_80,-0.804432982,9.37469E-09,
SMU_1177c,-0.805327081,1.07358E-15,
SMU_988,-0.807561686,1.05846E-15,
SMU_700c,-0.809013151,3.63694E-14,
SMU_1338c,-0.809308671,3.08751E-11,
SMU_243,-0.810365064,1.88128E-15,
SMU_867,-0.811054513,7.81727E-08,
SMU_92c,-0.811471346,0.016156111,
SMU_287,-0.811890204,8.20264E-12,
SMU_2015,-0.812252981,1.46261E-22,
SMU_595,-0.814307607,1.45405E-10,
SMU_731,-0.817015391,9.82254E-07,
SMU_89c,-0.822004699,1.03006E-12,
SMU_102,-0.823012161,7.25326E-09,
SMU_1609c,-0.828774133,5.61695E-08,
SMU_1354c,-0.829602835,1.40239E-07,
SMU_1914c,-0.831725933,6.93665E-08,
SMU_1311,-0.833995257,1.05732E-19,
SMU_82,-0.834182883,9.55529E-09,
SMU_1347c,-0.83487596,0.000143918,
SMU_58,-0.836764954,1.16401E-07,
SMU_699,-0.837614792,3.21349E-13,
SMU_829,-0.841387169,5.74946E-18,
SMU_1773c,-0.846171126,0.000161172,
SMU_366,-0.846396853,1.25126E-15,
SMU_1287,-0.848706866,0.000854705,
SMU_2167,-0.852032837,1.02367E-24,
SMU_451,-0.852517269,1.161E-07,
SMU_1771c,-0.853651921,0.061724459,
SMU_675,-0.853698743,3.53349E-18,
SMU_1334,-0.855333838,1.86187E-08,
SMU_1065c,-0.855847079,2.27658E-09,
SMU_620,-0.857254308,2.27685E-06,
SMU_91,-0.859343333,1.19209E-19,
SMU_1450,-0.865638368,5.43969E-23,
SMU_1357,-0.865858184,1.11356E-05,
SMU_244,-0.869080715,9.2465E-13,
SMU_1179c,-0.870620389,2.29267E-17,
SMU_120,-0.872070808,4.86884E-09,
SMU_687c,-0.874520921,0.009503026,
SMU_1365c,-0.876656021,6.73423E-16,
SMU_1359,-0.879063605,1.05483E-07,
SMU_1353,-0.881755525,3.64193E-07,
SMU_722,-0.883626386,0.001007977,
SMU_2113c,-0.883844341,9.82442E-08,
SMU_1355c,-0.886260733,2.16028E-07,
SMU_2066c,-0.887412967,4.13966E-24,
SMU_283,-0.889228774,5.92782E-07,
SMU_148,-0.889281345,6.84346E-08,
SMU_720,-0.896200167,7.3339E-17,
SMU_599,-0.899292103,9.86527E-21,
SMU_152,-0.899897705,7.11935E-08,
SMU_81,-0.90433961,6.99269E-07,
SMU_830,-0.905844917,5.23772E-22,
SMU_714,-0.908952092,2.23929E-24,
SMU_446,-0.921791908,7.62284E-25,
SMU_281,-0.922232758,8.17587E-06,
SMU_1200,-0.924556401,2.84179E-29,
SMU_1843,-0.925906941,2.39582E-21,
SMU_2072c,-0.927530724,1.85527E-07,
SMU_2019,-0.93040134,5.432E-05,
SMU_1302,-0.930764673,1.13143E-21,
SMU_445,-0.933754544,1.13891E-18,
SMU_770c,-0.939405023,2.69048E-21,
SMU_865,-0.940857927,3.43411E-21,
SMU_1247,-0.941014007,5.7584E-31,
SMU_701c,-0.942502132,6.3092E-12,
SMU_1876,-0.945272715,3.33031E-15,
SMU_2022,-0.946628188,1.18511E-29,
SMU_32,-0.948608333,8.56961E-16,
SMU_255,-0.950148307,4.6739E-21,
SMU_2104a,-0.950306327,5.27087E-16,
SMU_1536,-0.950400953,1.75709E-20,
SMU_277,-0.952743013,2.51779E-14,
SMU_649,-0.952767969,2.20577E-23,
SMU_1122,-0.956574232,4.25638E-18,
SMU_834,-0.956787253,4.84754E-26,
SMU_333,-0.960222012,4.16356E-25,
SMU_2059c,-0.964486566,1.13292E-14,
SMU_1064c,-0.973619883,2.47589E-05,
SMU_835,-0.974708962,1.91106E-21,
SMU_2071,-0.976454907,2.58699E-08,
SMU_594,-0.980736273,0.018902782,
SMU_887,-0.981278592,4.64868E-13,
SMU_191c,-0.982405491,0.000402647,
SMU_18,-0.984935987,0.008238058,
SMU_97,-0.987325773,2.42371E-30,
SMU_49,-0.991351374,3.66845E-20,
SMU_104,-0.995115904,4.68645E-12,
SMU_596,-0.996393475,1.92476E-25,
SMU_448,-0.997618803,5.23681E-12,
SMU_805c,-1.002909717,9.83125E-26,
SMU_72,-1.005037424,6.36855E-11,
SMU_806c,-1.00698485,2.80914E-26,
SMU_1628,-1.007486953,1.46975E-09,
SMU_2024c,-1.012410426,9.29824E-32,
SMU_1407c,-1.01653436,0.02112911,
SMU_1565,-1.018684499,1.61764E-25,
SMU_935,-1.022315723,7.57215E-20,
SMU_1963c,-1.023400803,2.80787E-15,
SMU_291,-1.03018608,5.15878E-25,
SMU_1001,-1.03102694,0.001742602,
SMU_1707c,-1.032592331,9.38991E-18,
SMU_1974,-1.033001357,2.98666E-26,
SMU_1123,-1.034118848,9.45961E-20,
SMU_1121c,-1.044915832,2.45809E-29,
SMU_627,-1.046807005,1.07738E-28,
SMU_253,-1.048335741,5.49395E-26,
SMU_660,-1.048549193,3.29515E-10,
SMU_1180,-1.050537061,2.39485E-18,
SMU_1904c,-1.055978613,2.18254E-19,
SMU_1527,-1.056147761,1.82785E-25,
SMU_259,-1.057331362,4.43547E-31,
SMU_1976c,-1.058873805,4.78481E-24,
SMU_292,-1.06070975,8.16586E-14,
SMU_252,-1.062275125,3.66709E-19,
SMU_1745c,-1.062677225,5.06343E-21,
SMU_2025,-1.063317262,2.23669E-38,
SMU_1537,-1.06445702,2.03645E-28,
SMU_435,-1.065344791,1.77961E-17,
SMU_2031,-1.078314339,1.48491E-34,
SMU_936,-1.080677494,5.18561E-19,
SMU_2135c,-1.081618847,9.63325E-36,
SMU_721,-1.084952999,6.87142E-13,
SMU_1156c,-1.08588634,0.018830345,
SMU_2073c,-1.086822221,1.03034E-05,
SMU_258,-1.092298987,1.76948E-25,
SMU_1310,-1.10211993,1.44032E-05,
SMU_773c,-1.10287624,7.6549E-31,
SMU_1005,-1.103425513,1.76983E-32,
SMU_379,-1.109428626,0.021344137,
SMU_558,-1.109860328,4.27711E-38,
SMU_396,-1.11021564,2.42605E-33,
SMU_106c,-1.12128469,5.49115E-15,
SMU_1705,-1.121921743,1.38541E-13,
SMU_732,-1.124262432,3.28352E-13,
SMU_1528,-1.12731428,8.07534E-25,
SMU_1975c,-1.129552209,1.2286E-10,
SMU_285,-1.132026463,3.78619E-11,
SMU_1735,-1.147042077,4.25056E-41,
SMU_42,-1.151265646,2.81695E-11,
SMU_1406c,-1.152773121,2.13921E-19,
SMU_447,-1.154580219,2.80658E-15,
SMU_105,-1.154976399,2.11158E-15,
SMU_715,-1.155280165,1.04464E-36,
SMU_531,-1.156514743,1.81009E-11,
SMU_257,-1.161828379,1.55036E-35,
SMU_1704,-1.163727502,8.40662E-11,
SMU_1077,-1.176914355,6.33477E-41,
SMU_73,-1.179845176,3.18797E-29,
SMU_169,-1.18453018,1.71347E-36,
SMU_436c,-1.191975671,3.19964E-05,
SMU_1348c,-1.199338952,0.009792919,
SMU_1530,-1.201684801,4.63573E-43,
SMU_183,-1.202295515,3.35998E-11,
SMU_1706,-1.228203464,7.3236E-21,
SMU_1844,-1.23588889,1.39137E-27,
SMU_848,-1.236390923,3.95129E-40,
SMU_1564,-1.2369368,6.23866E-39,
SMU_1905c,-1.240391432,3.80886E-16,
SMU_866,-1.240772409,1.25368E-15,
SMU_284,-1.24255648,2.81176E-12,
SMU_121,-1.246936347,5.8658E-31,
SMU_99,-1.251874358,8.72205E-42,
SMU_256,-1.251990242,4.38193E-40,
SMU_1522,-1.253664321,1.42947E-28,
SMU_734,-1.255462189,1.3925E-12,
SMU_31,-1.257096484,1.93249E-09,
SMU_876,-1.258957561,7.8867E-17,
SMU_1534,-1.262477562,3.30023E-22,
SMU_1906c,-1.266733322,5.39644E-18,
SMU_2046c,-1.268167456,1.56476E-28,
SMU_545,-1.269271336,9.3574E-11,
SMU_365,-1.276868697,3.3887E-44,
SMU_2005,-1.282576034,1.20284E-36,
SMU_1736,-1.286005007,6.466E-52,
SMU_1315c,-1.287719563,1.17233E-24,
SMU_1529,-1.308765374,6.21763E-51,
SMU_571,-1.314897151,3.75587E-10,
SMU_832,-1.315468984,4.9397E-21,
SMU_1804c,-1.32028087,0.000738699,
SMU_170,-1.321137519,1.43558E-33,
SMU_1903c,-1.324642278,2.75145E-10,
SMU_1316c,-1.328153736,5.9289E-16,
SMU_1317c,-1.34996789,1.4698E-14,
SMU_1532,-1.352989782,2.59177E-54,
SMU_2127,-1.356396305,1.27337E-46,
SMU_48,-1.356448694,2.89964E-16,
SMU_20,-1.362705574,1.4821E-19,
SMU_1803c,-1.365153815,2.27557E-10,
SMU_501,-1.366245386,4.67944E-40,
SMU_1390,-1.370250559,7.45004E-37,
SMU_745,-1.370322317,1.45285E-38,
SMU_502,-1.373454869,5.63121E-41,
SMU_818,-1.381122651,3.38249E-17,
SMU_1737,-1.383731956,5.81854E-50,
SMU_1744,-1.389169137,6.75071E-48,
SMU_883,-1.40113726,6.32726E-41,
SMU_2074,-1.40193997,9.37453E-48,
SMU_1533,-1.403195397,2.09738E-53,
SMU_1521,-1.403387295,8.28632E-40,
SMU_831,-1.407050697,3.03124E-33,
SMU_136c,-1.437287932,1.93693E-14,
SMU_278,-1.446535777,2.69224E-16,
SMU_1366c,-1.450401129,0.036204366,
SMU_886,-1.456266864,7.74163E-18,
SMU_1738,-1.456979705,1.47198E-56,
SMU_402,-1.489863896,4.78319E-52,
SMU_1118c,-1.49838388,1.17043E-37,
SMU_1073,-1.507160278,3.63625E-49,
SMU_577,-1.514640733,1.15722E-46,
SMU_1739,-1.514684958,1.06288E-63,
SMU_100,-1.519920928,7.70074E-08,
SMU_882,-1.537069329,6.95362E-34,
SMU_1743,-1.545319053,2.49442E-13,
SMU_1742c,-1.562690179,1.20903E-63,
SMU_1913c,-1.579912837,6.57943E-30,
SMU_576,-1.583778173,9.68198E-33,
SMU_1511c,-1.606375557,2.22721E-48,
SMU_1531,-1.613634937,5.35417E-47,
SMU_1119c,-1.620455975,3.12379E-59,
SMU_881,-1.642132458,1.19052E-37,
SMU_1912c,-1.66758762,1.31063E-10,
SMU_503c,-1.686155898,1.18174E-26,
SMU_241c,-1.699984991,2.13418E-48,
SMU_1120,-1.708182776,1.97602E-82,
SMU_2047,-1.709889144,3.73013E-77,
SMU_877,-1.733922044,2.57275E-40,
SMU_1741,-1.736315276,1.10353E-91,
SMU_30,-1.736399242,1.40962E-51,
SMU_1520,-1.737406985,2.49078E-65,
SMU_616,-1.746400506,7.52985E-23,
SMU_960,-1.767244471,2.40079E-23,
SMU_1924,-1.770638113,4.27259E-80,
SMU_1740,-1.776756328,2.13356E-80,
SMU_880,-1.78482205,1.05378E-50,
SMU_878,-1.785659619,5.74301E-35,
SMU_1907,-1.79186926,3.60626E-27,
SMU_1909c,-1.803140003,1.76204E-44,
SMU_1024c,-1.829097689,2.45198E-06,
SMU_1512,-1.835080826,1.72313E-73,
SMU_1908c,-1.843296277,2.76942E-13,
SMU_609,-1.844432802,1.54065E-31,
SMU_1910c,-1.849699914,1.50645E-25,
SMU_1125c,-1.878032606,5.71474E-40,
SMU_1571,-1.887369002,1.61742E-54,
SMU_957,-1.892795141,7.2127E-75,
SMU_279,-1.914609652,3.08253E-24,
SMU_242c,-1.917963054,1.32557E-68,
SMU_1124,-1.925373105,1.53317E-60,
SMU_1519,-1.937854892,2.69848E-62,
SMU_879,-1.952379923,4.50204E-53,
SMU_1569,-2.00371879,3.91777E-64,
SMU_21,-2.020371021,6.09777E-27,
SMU_1510,-2.030100102,3.04788E-86,
SMU_296,-2.035547132,7.90915E-56,
SMU_652c,-2.056291605,2.12999E-13,
SMU_1570,-2.062802197,1.65183E-58,
SMU_980,-2.062821628,8.32255E-45,
SMU_653c,-2.100609768,9.72423E-21,
SMU_1841,-2.127249671,1.07475E-84,
SMU_618,-2.184425979,2.23238E-32,
SMU_1404c,-2.237208987,2.33488E-76,
SMU_1879,-2.245593249,4.3182E-136,
SMU_363,-2.288282662,1.217E-122,
SMU_1405c,-2.306843741,3.9655E-83,
SMU_1568,-2.31864841,1.0619E-103,
SMU_1403c,-2.322978217,1.99022E-57,
SMU_364,-2.334544158,1.4158E-141,
SMU_1878,-2.34435573,2.1497E-79,
SMU_651c,-2.366286052,5.40083E-35,
SMU_294,-2.376226612,8.01751E-71,
SMU_574c,-2.457704286,5.74338E-06,
SMU_29,-2.551667083,1.74724E-38,
SMU_1402c,-2.559565289,8.4921E-67,
SMU_1600,-2.585704331,1.80371E-11,
SMU_914c,-2.679839279,3.45416E-76,
SMU_295,-2.682999211,3.70225E-65,
SMU_1877,-2.792360671,7.5509E-184,
SMU_916c,-2.817959025,1.00305E-82,
SMU_182,-2.886905501,1.71361E-30,
SMU_1596,-2.919456742,4.32419E-40,
SMU_915c,-2.95806461,5.3237E-103,
SMU_919c,-2.965878898,2.50239E-84,
SMU_917c,-2.992859824,8.76807E-71,
SMU_575c,-3.001079537,7.86567E-13,
SMU_1598,-3.002595912,8.10067E-19,
SMU_1597c,-3.062734094,1.40948E-22,
SMU_438c,-3.161590147,7.1658E-151,
SMU_1599,-3.618223554,1.12195E-48,